name,title,xpath,grid_name,parent_grid_name,type,widget,container,format,ignore_empty,ignore_autocalc_check,export_result,force_def_val,disabled,readonly,required,weight,allow_cyrillic,default_value,options,attributes,class,rows,minlength,maxlength,decimal_length,pattern,exclude_from_xml,extensions,max_size
ENT_NAME,Denumirea completa a contribuabilului,dec/DataSet/Header/ENT_NAME,,,text,textfield,,,0,0,0,0,0,1,0,0,0,@agent_name,,,text,0,0,0,0,,0,,
CUATM,Codul localităţii (CUATM),dec/DataSet/Header/CUATM,,,custom,select,%04d,%04d,0,0,0,0,0,0,1,1,0,@cuatm,<?php return classifiers_get_list('cuatm'); ?>,,,0,4,4,0,,0,,
STREET,Strada,dec/DataSet/Header/STREET,,,text,textfield,,,0,0,0,0,0,0,0,2,0,@address,,,,0,0,100,0,,0,,
STREET_NR,Nr casei,dec/DataSet/Header/STREET_NR,,,text,textfield,,,0,0,0,0,0,0,0,3,0,,,,,0,0,100,0,,0,,
CUIIO,Codul CUIÎO,dec/DataSet/Header/CUIIO,,,text,textfield,,,0,0,0,0,0,0,1,4,0,@cuiio,,,,0,5,8,0,,0,,
IDNO,Codul fiscal,dec/DataSet/Header/IDNO,,,text,textfield,,,0,0,0,0,0,0,1,5,0,@fisccode,,,text,0,0,15,0,,0,,
HEAD,Conducătorul,dec/DataSet/Header/HEAD,,,text,textfield,,textfield,0,0,0,0,0,0,0,6,0,,,,text,0,0,0,0,,0,,
EXECUTOR,Executant,dec/DataSet/Header/EXECUTOR,,,text,textfield,,,0,0,0,0,0,0,0,7,0,@full_name,,,,0,0,0,0,,0,,
PHONE,Numar telefon,dec/DataSet/Header/PHONE,,,text,textfield,,,0,0,0,0,0,0,0,8,0,@cuiio_telefon,,,,0,0,12,0,,0,,
EMAIL,e-mail,dec/DataSet/Header/emal,,,text,textfield,,,0,0,0,0,0,0,0,9,0,@email,,,,0,0,60,0,,0,,
nalogPeriodLetter,,dec/DataSet/Header/nalogPeriodLetter,,,period_type,hidden,,,0,0,0,0,0,0,0,0,0,A,,,,0,0,0,0,,0,,
nalogPeriodType,nalogPeriodType,dec/DataSet/Header/nalogPeriodType,,,period,hidden,,,0,0,0,0,0,0,1,79,0,@last_year_period,,,text,0,0,0,0,,0,,
YEAR,Anul de raportare,dec/DataSet/Header/YEAR,,,period_year,select,,,0,0,0,0,0,0,1,10,0,@last_year_period,,,,0,0,0,0,,0,,
CAP1_R90_C1,Rînd. 90 col.1,dec/DataSet/Data/CAP1_R90_C1,,,numeric,textfield,,,0,0,0,0,0,0,0,11,0,,,,table number,0,0,15,0,,0,,
CAP1_R90_C2,Rînd. 90 col.2,dec/DataSet/Data/CAP1_R90_C2,,,numeric,textfield,,,0,0,0,0,0,0,0,12,0,,,,table number,0,0,15,0,,0,,
CAP1_R90_C3,Rînd. 90 col.3,dec/DataSet/Data/CAP1_R90_C3,,,numeric,textfield,,,0,0,0,0,0,0,0,13,0,,,,table number,0,0,15,0,,0,,
CAP1_R90_C4,Rînd. 90 col.4,dec/DataSet/Data/CAP1_R90_C4,,,numeric,textfield,,,0,0,0,0,0,0,0,14,0,,,,table number,0,0,15,0,,0,,
CAP1_R90_C5,Rînd. 90 col.5,dec/DataSet/Data/CAP1_R90_C5,,,numeric,textfield,,,0,0,0,0,0,0,0,15,0,,,,table number,0,0,15,0,,0,,
CAP1_R100_C1,Rînd. 100 col.1,dec/DataSet/Data/CAP1_R100_C1,,,numeric,textfield,,,0,0,0,0,0,0,0,16,0,,,,table number,0,0,15,0,,0,,
CAP1_R100_C2,Rînd. 100 col.2,dec/DataSet/Data/CAP1_R100_C2,,,numeric,textfield,,,0,0,0,0,0,0,0,17,0,,,,table number,0,0,15,0,,0,,
CAP1_R100_C3,Rînd. 100 col.3,dec/DataSet/Data/CAP1_R100_C3,,,numeric,textfield,,,0,0,0,0,0,0,0,18,0,,,,table number,0,0,15,0,,0,,
CAP1_R100_C4,Rînd. 100 col.4,dec/DataSet/Data/CAP1_R100_C4,,,numeric,textfield,,,0,0,0,0,0,0,0,19,0,,,,table number,0,0,15,0,,0,,
CAP1_R100_C5,Rînd. 100 col.5,dec/DataSet/Data/CAP1_R100_C5,,,numeric,textfield,,,0,0,0,0,0,0,0,20,0,,,,table number,0,0,15,0,,0,,
CAP1_R120_C1,Rînd. 120 col.1,dec/DataSet/Data/CAP1_R120_C1,,,numeric,textfield,,,0,0,0,0,0,0,0,21,0,,,,table number,0,0,15,0,,0,,
CAP1_R120_C2,Rînd. 120 col.2,dec/DataSet/Data/CAP1_R120_C2,,,numeric,textfield,,,0,0,0,0,0,0,0,22,0,,,,table number,0,0,15,0,,0,,
CAP1_R120_C3,Rînd. 120 col.3,dec/DataSet/Data/CAP1_R120_C3,,,numeric,textfield,,,0,0,0,0,0,0,0,23,0,,,,table number,0,0,15,0,,0,,
CAP1_R120_C4,Rînd. 120 col.4,dec/DataSet/Data/CAP1_R120_C4,,,numeric,textfield,,,0,0,0,0,0,0,0,24,0,,,,table number,0,0,15,0,,0,,
CAP1_R120_C5,Rînd. 120 col.5,dec/DataSet/Data/CAP1_R120_C5,,,numeric,textfield,,,0,0,0,0,0,0,0,25,0,,,,table number,0,0,15,0,,0,,
CAP1_R200_C1,Rînd. 200 col.1,dec/DataSet/Data/CAP1_R200_C1,,,numeric,textfield,,,0,0,0,0,0,0,0,26,0,,,,table number,0,0,15,0,,0,,
CAP1_R200_C2,Rînd. 200 col.2,dec/DataSet/Data/CAP1_R200_C2,,,numeric,textfield,,,0,0,0,0,0,0,0,27,0,,,,table number,0,0,15,0,,0,,
CAP1_R200_C3,Rînd. 200 col.3,dec/DataSet/Data/CAP1_R200_C3,,,numeric,textfield,,,0,0,0,0,0,0,0,28,0,,,,table number,0,0,15,0,,0,,
CAP1_R200_C4,Rînd. 200 col.4,dec/DataSet/Data/CAP1_R200_C4,,,numeric,textfield,,,0,0,0,0,0,0,0,29,0,,,,table number,0,0,15,0,,0,,
CAP1_R200_C5,Rînd. 200 col.5,dec/DataSet/Data/CAP1_R200_C5,,,numeric,textfield,,,0,0,0,0,0,0,0,30,0,,,,table number,0,0,15,0,,0,,
CAP1_R205_C1,Rînd. 205 col.1,dec/DataSet/Data/CAP1_R205_C1,,,numeric,textfield,,,0,0,0,0,0,0,0,31,0,,,,table number,0,0,15,0,,0,,
CAP1_R210_C1,Rînd. 210 col.1,dec/DataSet/Data/CAP1_R210_C1,,,numeric,textfield,,,0,0,0,0,0,0,0,32,0,,,,table number,0,0,15,0,,0,,
CAP1_R210_C2,Rînd. 210 col.2,dec/DataSet/Data/CAP1_R210_C2,,,numeric,textfield,,,0,0,0,0,0,0,0,33,0,,,,table number,0,0,15,0,,0,,
CAP1_R210_C3,Rînd. 210 col.3,dec/DataSet/Data/CAP1_R210_C3,,,numeric,textfield,,,0,0,0,0,0,0,0,34,0,,,,table number,0,0,15,0,,0,,
CAP1_R210_C4,Rînd. 210 col.4,dec/DataSet/Data/CAP1_R210_C4,,,numeric,textfield,,,0,0,0,0,0,0,0,35,0,,,,table number,0,0,15,0,,0,,
CAP1_R210_C5,Rînd. 210 col.5,dec/DataSet/Data/CAP1_R210_C5,,,numeric,textfield,,,0,0,0,0,0,0,0,36,0,,,,table number,0,0,15,0,,0,,
CAP1_R220_C1,Rînd. 220 col.1,dec/DataSet/Data/CAP1_R220_C1,,,numeric,textfield,,,0,0,0,0,0,0,0,37,0,,,,table number,0,0,15,0,,0,,
CAP1_R220_C2,Rînd. 220 col.2,dec/DataSet/Data/CAP1_R220_C2,,,numeric,textfield,,,0,0,0,0,0,0,0,38,0,,,,table number,0,0,15,0,,0,,
CAP1_R220_C3,Rînd. 220 col.3,dec/DataSet/Data/CAP1_R220_C3,,,numeric,textfield,,,0,0,0,0,0,0,0,39,0,,,,table number,0,0,15,0,,0,,
CAP1_R220_C4,Rînd. 220 col.4,dec/DataSet/Data/CAP1_R220_C4,,,numeric,textfield,,,0,0,0,0,0,0,0,40,0,,,,table number,0,0,15,0,,0,,
CAP1_R220_C5,Rînd. 220 col.5,dec/DataSet/Data/CAP1_R220_C5,,,numeric,textfield,,,0,0,0,0,0,0,0,41,0,,,,table number,0,0,15,0,,0,,
CAP1_R221_C1,Rînd. 221 col.1,dec/DataSet/Data/CAP1_R221_C1,,,numeric,textfield,,,0,0,0,0,0,0,0,42,0,,,,table number,0,0,15,0,,0,,
CAP1_R221_C2,Rînd. 221 col.2,dec/DataSet/Data/CAP1_R221_C2,,,numeric,textfield,,,0,0,0,0,0,0,0,43,0,,,,table number,0,0,15,0,,0,,
CAP1_R221_C3,Rînd. 221 col.3,dec/DataSet/Data/CAP1_R221_C3,,,numeric,textfield,,,0,0,0,0,0,0,0,44,0,,,,table number,0,0,15,0,,0,,
CAP1_R221_C4,Rînd. 221 col.4,dec/DataSet/Data/CAP1_R221_C4,,,numeric,textfield,,,0,0,0,0,0,0,0,45,0,,,,table number,0,0,15,0,,0,,
CAP1_R221_C5,Rînd. 221 col.5,dec/DataSet/Data/CAP1_R221_C5,,,numeric,textfield,,,0,0,0,0,0,0,0,46,0,,,,table number,0,0,15,0,,0,,
CAP1_R225_C1,Rînd. 225 col.1,dec/DataSet/Data/CAP1_R225_C1,,,numeric,textfield,,,0,0,0,0,0,0,0,47,0,,,,table number,0,0,15,0,,0,,
CAP1_R225_C2,Rînd. 225 col.2,dec/DataSet/Data/CAP1_R225_C2,,,numeric,textfield,,,0,0,0,0,0,0,0,48,0,,,,table number,0,0,15,0,,0,,
CAP1_R225_C3,Rînd. 225 col.3,dec/DataSet/Data/CAP1_R225_C3,,,numeric,textfield,,,0,0,0,0,0,0,0,49,0,,,,table number,0,0,15,0,,0,,
CAP1_R225_C4,Rînd. 225 col.4,dec/DataSet/Data/CAP1_R225_C4,,,numeric,textfield,,,0,0,0,0,0,0,0,50,0,,,,table number,0,0,15,0,,0,,
CAP1_R225_C5,Rînd. 225 col.5,dec/DataSet/Data/CAP1_R225_C5,,,numeric,textfield,,,0,0,0,0,0,0,0,51,0,,,,table number,0,0,15,0,,0,,
CAP1_R230_C1,Rînd. 230 col.1,dec/DataSet/Data/CAP1_R230_C1,,,numeric,textfield,,,0,0,0,0,0,0,0,52,0,,,,table number,0,0,15,0,,0,,
CAP1_R230_C2,Rînd. 230 col.2,dec/DataSet/Data/CAP1_R230_C2,,,numeric,textfield,,,0,0,0,0,0,0,0,53,0,,,,table number,0,0,15,0,,0,,
CAP1_R230_C3,Rînd. 230 col.3,dec/DataSet/Data/CAP1_R230_C3,,,numeric,textfield,,,0,0,0,0,0,0,0,54,0,,,,table number,0,0,15,0,,0,,
CAP1_R230_C4,Rînd. 230 col.4,dec/DataSet/Data/CAP1_R230_C4,,,numeric,textfield,,,0,0,0,0,0,0,0,55,0,,,,table number,0,0,15,0,,0,,
CAP1_R230_C5,Rînd. 230 col.5,dec/DataSet/Data/CAP1_R230_C5,,,numeric,textfield,,,0,0,0,0,0,0,0,56,0,,,,table number,0,0,15,0,,0,,
CAP1_R235_C1,Rînd. 235 col.1,dec/DataSet/Data/CAP1_R235_C1,,,numeric,textfield,,,0,0,0,0,0,0,0,57,0,,,,table number,0,0,15,0,,0,,
CAP1_R235_C2,Rînd. 235 col.2,dec/DataSet/Data/CAP1_R235_C2,,,numeric,textfield,,,0,0,0,0,0,0,0,58,0,,,,table number,0,0,15,0,,0,,
CAP1_R235_C3,Rînd. 235 col.3,dec/DataSet/Data/CAP1_R235_C3,,,numeric,textfield,,,0,0,0,0,0,0,0,59,0,,,,table number,0,0,15,0,,0,,
CAP1_R235_C4,Rînd. 235 col.4,dec/DataSet/Data/CAP1_R235_C4,,,numeric,textfield,,,0,0,0,0,0,0,0,60,0,,,,table number,0,0,15,0,,0,,
CAP1_R235_C5,Rînd. 235 col.5,dec/DataSet/Data/CAP1_R235_C5,,,numeric,textfield,,,0,0,0,0,0,0,0,61,0,,,,table number,0,0,15,0,,0,,
CAP1_R240_C1,Rînd. 240 col.1,dec/DataSet/Data/CAP1_R240_C1,,,numeric,textfield,,,0,0,0,0,0,0,0,62,0,,,,table number,0,0,15,0,,0,,
CAP1_R240_C2,Rînd. 240 col.2,dec/DataSet/Data/CAP1_R240_C2,,,numeric,textfield,,,0,0,0,0,0,0,0,63,0,,,,table number,0,0,15,0,,0,,
CAP1_R240_C3,Rînd. 240 col.3,dec/DataSet/Data/CAP1_R240_C3,,,numeric,textfield,,,0,0,0,0,0,0,0,64,0,,,,table number,0,0,15,0,,0,,
CAP1_R240_C4,Rînd. 240 col.4,dec/DataSet/Data/CAP1_R240_C4,,,numeric,textfield,,,0,0,0,0,0,0,0,65,0,,,,table number,0,0,15,0,,0,,
CAP1_R240_C5,Rînd. 240 col.5,dec/DataSet/Data/CAP1_R240_C5,,,numeric,textfield,,,0,0,0,0,0,0,0,66,0,,,,table number,0,0,15,0,,0,,
CAP1_R245_C1,Rînd. 245 col.1,dec/DataSet/Data/CAP1_R245_C1,,,numeric,textfield,,,0,0,0,0,0,0,0,67,0,,,,table number,0,0,15,0,,0,,
CAP1_R245_C2,Rînd. 245 col.2,dec/DataSet/Data/CAP1_R245_C2,,,numeric,textfield,,,0,0,0,0,0,0,0,68,0,,,,table number,0,0,15,0,,0,,
CAP1_R245_C3,Rînd. 245 col.3,dec/DataSet/Data/CAP1_R245_C3,,,numeric,textfield,,,0,0,0,0,0,0,0,69,0,,,,table number,0,0,15,0,,0,,
CAP1_R245_C4,Rînd. 245 col.4,dec/DataSet/Data/CAP1_R245_C4,,,numeric,textfield,,,0,0,0,0,0,0,0,70,0,,,,table number,0,0,15,0,,0,,
CAP1_R245_C5,Rînd. 245 col.5,dec/DataSet/Data/CAP1_R245_C5,,,numeric,textfield,,,0,0,0,0,0,0,0,71,0,,,,table number,0,0,15,0,,0,,
CAP1_R250_C1,Rînd. 250 col.1,dec/DataSet/Data/CAP1_R250_C1,,,numeric,textfield,,,0,0,0,0,0,0,0,72,0,,,,table number,0,0,15,0,,0,,
CAP1_R250_C2,Rînd. 250 col.2,dec/DataSet/Data/CAP1_R250_C2,,,numeric,textfield,,,0,0,0,0,0,0,0,73,0,,,,table number,0,0,15,0,,0,,
CAP1_R250_C3,Rînd. 250 col.3,dec/DataSet/Data/CAP1_R250_C3,,,numeric,textfield,,,0,0,0,0,0,0,0,74,0,,,,table number,0,0,15,0,,0,,
CAP1_R250_C4,Rînd. 250 col.4,dec/DataSet/Data/CAP1_R250_C4,,,numeric,textfield,,,0,0,0,0,0,0,0,75,0,,,,table number,0,0,15,0,,0,,
CAP1_R250_C5,Rînd. 250 col.5,dec/DataSet/Data/CAP1_R250_C5,,,numeric,textfield,,,0,0,0,0,0,0,0,76,0,,,,table number,0,0,15,0,,0,,
CAP1_R255_C1,Rînd. 255 col.1,dec/DataSet/Data/CAP1_R255_C1,,,numeric,textfield,,,0,0,0,0,0,0,0,77,0,,,,table number,0,0,15,0,,0,,
CAP1_R255_C2,Rînd. 255 col.2,dec/DataSet/Data/CAP1_R255_C2,,,numeric,textfield,,,0,0,0,0,0,0,0,78,0,,,,table number,0,0,15,0,,0,,
CAP1_R255_C3,Rînd. 255 col.3,dec/DataSet/Data/CAP1_R255_C3,,,numeric,textfield,,,0,0,0,0,0,0,0,79,0,,,,table number,0,0,15,0,,0,,
CAP1_R255_C4,Rînd. 255 col.4,dec/DataSet/Data/CAP1_R255_C4,,,numeric,textfield,,,0,0,0,0,0,0,0,80,0,,,,table number,0,0,15,0,,0,,
CAP1_R255_C5,Rînd. 255 col.5,dec/DataSet/Data/CAP1_R255_C5,,,numeric,textfield,,,0,0,0,0,0,0,0,81,0,,,,table number,0,0,15,0,,0,,
CAP1_R265_C1,Rînd. 265 col.1,dec/DataSet/Data/CAP1_R265_C1,,,numeric,textfield,,,0,0,0,0,0,0,0,82,0,,,,table number,0,0,15,0,,0,,
CAP1_R265_C2,Rînd. 265 col.2,dec/DataSet/Data/CAP1_R265_C2,,,numeric,textfield,,,0,0,0,0,0,0,0,83,0,,,,table number,0,0,15,0,,0,,
CAP1_R265_C3,Rînd. 265 col.3,dec/DataSet/Data/CAP1_R265_C3,,,numeric,textfield,,,0,0,0,0,0,0,0,84,0,,,,table number,0,0,15,0,,0,,
CAP1_R265_C4,Rînd. 265 col.4,dec/DataSet/Data/CAP1_R265_C4,,,numeric,textfield,,,0,0,0,0,0,0,0,85,0,,,,table number,0,0,15,0,,0,,
CAP1_R265_C5,Rînd. 265 col.5,dec/DataSet/Data/CAP1_R265_C5,,,numeric,textfield,,,0,0,0,0,0,0,0,86,0,,,,table number,0,0,15,0,,0,,
CAP1_R270_C1,Rînd. 270 col.1,dec/DataSet/Data/CAP1_R270_C1,,,numeric,textfield,,,0,0,0,0,0,0,0,87,0,,,,table number,0,0,15,0,,0,,
CAP1_R270_C2,Rînd. 270 col.2,dec/DataSet/Data/CAP1_R270_C2,,,numeric,textfield,,,0,0,0,0,0,0,0,88,0,,,,table number,0,0,15,0,,0,,
CAP1_R270_C3,Rînd. 270 col.3,dec/DataSet/Data/CAP1_R270_C3,,,numeric,textfield,,,0,0,0,0,0,0,0,89,0,,,,table number,0,0,15,0,,0,,
CAP1_R270_C4,Rînd. 270 col.4,dec/DataSet/Data/CAP1_R270_C4,,,numeric,textfield,,,0,0,0,0,0,0,0,90,0,,,,table number,0,0,15,0,,0,,
CAP1_R270_C5,Rînd. 270 col.5,dec/DataSet/Data/CAP1_R270_C5,,,numeric,textfield,,,0,0,0,0,0,0,0,91,0,,,,table number,0,0,15,0,,0,,
CAP1_R275_C1,Rînd. 275 col.1,dec/DataSet/Data/CAP1_R275_C1,,,numeric,textfield,,,0,0,0,0,0,0,0,92,0,,,,table number,0,0,15,0,,0,,
CAP1_R275_C2,Rînd. 275 col.2,dec/DataSet/Data/CAP1_R275_C2,,,numeric,textfield,,,0,0,0,0,0,0,0,93,0,,,,table number,0,0,15,0,,0,,
CAP1_R275_C3,Rînd. 275 col.3,dec/DataSet/Data/CAP1_R275_C3,,,numeric,textfield,,,0,0,0,0,0,0,0,94,0,,,,table number,0,0,15,0,,0,,
CAP1_R275_C4,Rînd. 275 col.4,dec/DataSet/Data/CAP1_R275_C4,,,numeric,textfield,,,0,0,0,0,0,0,0,95,0,,,,table number,0,0,15,0,,0,,
CAP1_R275_C5,Rînd. 275 col.5,dec/DataSet/Data/CAP1_R275_C5,,,numeric,textfield,,,0,0,0,0,0,0,0,96,0,,,,table number,0,0,15,0,,0,,
CAP1_R280_C1,Rînd. 280 col.1,dec/DataSet/Data/CAP1_R280_C1,,,numeric,textfield,,,0,0,0,0,0,0,0,97,0,,,,table number,0,0,15,0,,0,,
CAP1_R280_C2,Rînd. 280 col.2,dec/DataSet/Data/CAP1_R280_C2,,,numeric,textfield,,,0,0,0,0,0,0,0,98,0,,,,table number,0,0,15,0,,0,,
CAP1_R280_C3,Rînd. 280 col.3,dec/DataSet/Data/CAP1_R280_C3,,,numeric,textfield,,,0,0,0,0,0,0,0,99,0,,,,table number,0,0,15,0,,0,,
CAP1_R280_C4,Rînd. 280 col.4,dec/DataSet/Data/CAP1_R280_C4,,,numeric,textfield,,,0,0,0,0,0,0,0,100,0,,,,table number,0,0,15,0,,0,,
CAP1_R280_C5,Rînd. 280 col.5,dec/DataSet/Data/CAP1_R280_C5,,,numeric,textfield,,,0,0,0,0,0,0,0,101,0,,,,table number,0,0,15,0,,0,,
CAP1_R281_C1,Rînd. 281 col.1,dec/DataSet/Data/CAP1_R281_C1,,,numeric,textfield,,,0,0,0,0,0,0,0,102,0,,,,table number,0,0,15,0,,0,,
CAP1_R281_C2,Rînd. 281 col.2,dec/DataSet/Data/CAP1_R281_C2,,,numeric,textfield,,,0,0,0,0,0,0,0,103,0,,,,table number,0,0,15,0,,0,,
CAP1_R281_C3,Rînd. 281 col.3,dec/DataSet/Data/CAP1_R281_C3,,,numeric,textfield,,,0,0,0,0,0,0,0,104,0,,,,table number,0,0,15,0,,0,,
CAP1_R281_C4,Rînd. 281 col.4,dec/DataSet/Data/CAP1_R281_C4,,,numeric,textfield,,,0,0,0,0,0,0,0,105,0,,,,table number,0,0,15,0,,0,,
CAP1_R281_C5,Rînd. 281 col.5,dec/DataSet/Data/CAP1_R281_C5,,,numeric,textfield,,,0,0,0,0,0,0,0,106,0,,,,table number,0,0,15,0,,0,,
CAP1_R282_C1,Rînd. 282 col.1,dec/DataSet/Data/CAP1_R282_C1,,,numeric,textfield,,,0,0,0,0,0,0,0,107,0,,,,table number,0,0,15,0,,0,,
CAP1_R282_C2,Rînd. 282 col.2,dec/DataSet/Data/CAP1_R282_C2,,,numeric,textfield,,,0,0,0,0,0,0,0,108,0,,,,table number,0,0,15,0,,0,,
CAP1_R282_C3,Rînd. 282 col.3,dec/DataSet/Data/CAP1_R282_C3,,,numeric,textfield,,,0,0,0,0,0,0,0,109,0,,,,table number,0,0,15,0,,0,,
CAP1_R282_C4,Rînd. 282 col.4,dec/DataSet/Data/CAP1_R282_C4,,,numeric,textfield,,,0,0,0,0,0,0,0,110,0,,,,table number,0,0,15,0,,0,,
CAP1_R282_C5,Rînd. 282 col.5,dec/DataSet/Data/CAP1_R282_C5,,,numeric,textfield,,,0,0,0,0,0,0,0,111,0,,,,table number,0,0,15,0,,0,,
CAP1_R283_C1,Rînd. 283 col.1,dec/DataSet/Data/CAP1_R283_C1,,,numeric,textfield,,,0,0,0,0,0,0,0,112,0,,,,table number,0,0,15,0,,0,,
CAP1_R283_C2,Rînd. 283 col.2,dec/DataSet/Data/CAP1_R283_C2,,,numeric,textfield,,,0,0,0,0,0,0,0,113,0,,,,table number,0,0,15,0,,0,,
CAP1_R283_C3,Rînd. 283 col.3,dec/DataSet/Data/CAP1_R283_C3,,,numeric,textfield,,,0,0,0,0,0,0,0,114,0,,,,table number,0,0,15,0,,0,,
CAP1_R283_C4,Rînd. 283 col.4,dec/DataSet/Data/CAP1_R283_C4,,,numeric,textfield,,,0,0,0,0,0,0,0,115,0,,,,table number,0,0,15,0,,0,,
CAP1_R283_C5,Rînd. 283 col.5,dec/DataSet/Data/CAP1_R283_C5,,,numeric,textfield,,,0,0,0,0,0,0,0,116,0,,,,table number,0,0,15,0,,0,,
CAP1_R284_C1,Rînd. 284 col.1,dec/DataSet/Data/CAP1_R284_C1,,,numeric,textfield,,,0,0,0,0,0,0,0,117,0,,,,table number,0,0,15,0,,0,,
CAP1_R284_C2,Rînd. 284 col.2,dec/DataSet/Data/CAP1_R284_C2,,,numeric,textfield,,,0,0,0,0,0,0,0,118,0,,,,table number,0,0,15,0,,0,,
CAP1_R284_C3,Rînd. 284 col.3,dec/DataSet/Data/CAP1_R284_C3,,,numeric,textfield,,,0,0,0,0,0,0,0,119,0,,,,table number,0,0,15,0,,0,,
CAP1_R284_C4,Rînd. 284 col.4,dec/DataSet/Data/CAP1_R284_C4,,,numeric,textfield,,,0,0,0,0,0,0,0,120,0,,,,table number,0,0,15,0,,0,,
CAP1_R284_C5,Rînd. 284 col.5,dec/DataSet/Data/CAP1_R284_C5,,,numeric,textfield,,,0,0,0,0,0,0,0,121,0,,,,table number,0,0,15,0,,0,,
CAP1_R285_C1,Rînd. 285 col.1,dec/DataSet/Data/CAP1_R285_C1,,,numeric,textfield,,,0,0,0,0,0,0,0,122,0,,,,table number,0,0,15,0,,0,,
CAP1_R285_C2,Rînd. 285 col.2,dec/DataSet/Data/CAP1_R285_C2,,,numeric,textfield,,,0,0,0,0,0,0,0,123,0,,,,table number,0,0,15,0,,0,,
CAP1_R285_C3,Rînd. 285 col.3,dec/DataSet/Data/CAP1_R285_C3,,,numeric,textfield,,,0,0,0,0,0,0,0,124,0,,,,table number,0,0,15,0,,0,,
CAP1_R285_C4,Rînd. 285 col.4,dec/DataSet/Data/CAP1_R285_C4,,,numeric,textfield,,,0,0,0,0,0,0,0,125,0,,,,table number,0,0,15,0,,0,,
CAP1_R285_C5,Rînd. 285 col.5,dec/DataSet/Data/CAP1_R285_C5,,,numeric,textfield,,,0,0,0,0,0,0,0,126,0,,,,table number,0,0,15,0,,0,,
CAP1_R286_C1,Rînd. 286 col.1,dec/DataSet/Data/CAP1_R286_C1,,,numeric,textfield,,,0,0,0,0,0,0,0,127,0,,,,table number,0,0,15,0,,0,,
CAP1_R286_C2,Rînd. 286 col.2,dec/DataSet/Data/CAP1_R286_C2,,,numeric,textfield,,,0,0,0,0,0,0,0,128,0,,,,table number,0,0,15,0,,0,,
CAP1_R286_C3,Rînd. 286 col.3,dec/DataSet/Data/CAP1_R286_C3,,,numeric,textfield,,,0,0,0,0,0,0,0,129,0,,,,table number,0,0,15,0,,0,,
CAP1_R286_C4,Rînd. 286 col.4,dec/DataSet/Data/CAP1_R286_C4,,,numeric,textfield,,,0,0,0,0,0,0,0,130,0,,,,table number,0,0,15,0,,0,,
CAP1_R286_C5,Rînd. 286 col.5,dec/DataSet/Data/CAP1_R286_C5,,,numeric,textfield,,,0,0,0,0,0,0,0,131,0,,,,table number,0,0,15,0,,0,,
CAP1_R287_C1,Rînd. 287 col.1,dec/DataSet/Data/CAP1_R287_C1,,,numeric,textfield,,,0,0,0,0,0,0,0,132,0,,,,table number,0,0,15,0,,0,,
CAP1_R287_C2,Rînd. 287 col.2,dec/DataSet/Data/CAP1_R287_C2,,,numeric,textfield,,,0,0,0,0,0,0,0,133,0,,,,table number,0,0,15,0,,0,,
CAP1_R287_C3,Rînd. 287 col.3,dec/DataSet/Data/CAP1_R287_C3,,,numeric,textfield,,,0,0,0,0,0,0,0,134,0,,,,table number,0,0,15,0,,0,,
CAP1_R287_C4,Rînd. 287 col.4,dec/DataSet/Data/CAP1_R287_C4,,,numeric,textfield,,,0,0,0,0,0,0,0,135,0,,,,table number,0,0,15,0,,0,,
CAP1_R287_C5,Rînd. 287 col.5,dec/DataSet/Data/CAP1_R287_C5,,,numeric,textfield,,,0,0,0,0,0,0,0,136,0,,,,table number,0,0,15,0,,0,,
CAP1_R290_C1,Rînd. 290 col.1,dec/DataSet/Data/CAP1_R290_C1,,,numeric,textfield,,,0,0,0,0,0,0,0,137,0,,,,table number,0,0,15,0,,0,,
CAP1_R290_C2,Rînd. 290 col.2,dec/DataSet/Data/CAP1_R290_C2,,,numeric,textfield,,,0,0,0,0,0,0,0,138,0,,,,table number,0,0,15,0,,0,,
CAP1_R290_C3,Rînd. 290 col.3,dec/DataSet/Data/CAP1_R290_C3,,,numeric,textfield,,,0,0,0,0,0,0,0,139,0,,,,table number,0,0,15,0,,0,,
CAP1_R290_C4,Rînd. 290 col.4,dec/DataSet/Data/CAP1_R290_C4,,,numeric,textfield,,,0,0,0,0,0,0,0,140,0,,,,table number,0,0,15,0,,0,,
CAP1_R290_C5,Rînd. 290 col.5,dec/DataSet/Data/CAP1_R290_C5,,,numeric,textfield,,,0,0,0,0,0,0,0,141,0,,,,table number,0,0,15,0,,0,,
CAP1_R300_C1,Rînd. 300 col.1,dec/DataSet/Data/CAP1_R300_C1,,,numeric,textfield,,,0,0,0,0,0,0,0,142,0,,,,table number,0,0,15,0,,0,,
CAP1_R300_C2,Rînd. 300 col.2,dec/DataSet/Data/CAP1_R300_C2,,,numeric,textfield,,,0,0,0,0,0,0,0,143,0,,,,table number,0,0,15,0,,0,,
CAP1_R300_C3,Rînd. 300 col.3,dec/DataSet/Data/CAP1_R300_C3,,,numeric,textfield,,,0,0,0,0,0,0,0,144,0,,,,table number,0,0,15,0,,0,,
CAP1_R300_C4,Rînd. 300 col.4,dec/DataSet/Data/CAP1_R300_C4,,,numeric,textfield,,,0,0,0,0,0,0,0,145,0,,,,table number,0,0,15,0,,0,,
CAP1_R300_C5,Rînd. 300 col.5,dec/DataSet/Data/CAP1_R300_C5,,,numeric,textfield,,,0,0,0,0,0,0,0,146,0,,,,table number,0,0,15,0,,0,,
CAP1_R500_C1,Rînd. 500 col.1,dec/DataSet/Data/CAP1_R500_C1,,,numeric,textfield,,,0,0,0,0,0,0,0,147,0,,,,table number,0,0,15,0,,0,,
CAP1_R500_C2,Rînd. 500 col.2,dec/DataSet/Data/CAP1_R500_C2,,,numeric,textfield,,,0,0,0,0,0,0,0,148,0,,,,table number,0,0,15,0,,0,,
CAP1_R500_C3,Rînd. 500 col.3,dec/DataSet/Data/CAP1_R500_C3,,,numeric,textfield,,,0,0,0,0,0,0,0,149,0,,,,table number,0,0,15,0,,0,,
CAP1_R500_C4,Rînd. 500 col.4,dec/DataSet/Data/CAP1_R500_C4,,,numeric,textfield,,,0,0,0,0,0,0,0,150,0,,,,table number,0,0,15,0,,0,,
CAP1_R500_C5,Rînd. 500 col.5,dec/DataSet/Data/CAP1_R500_C5,,,numeric,textfield,,,0,0,0,0,0,0,0,151,0,,,,table number,0,0,15,0,,0,,
CAP1_R600_C1,Rînd. 600 col.1,dec/DataSet/Data/CAP1_R600_C1,,,numeric,textfield,,,0,0,0,0,0,0,0,152,0,,,,table number,0,0,15,0,,0,,
CAP1_R600_C2,Rînd. 600 col.2,dec/DataSet/Data/CAP1_R600_C2,,,numeric,textfield,,,0,0,0,0,0,0,0,153,0,,,,table number,0,0,15,0,,0,,
CAP1_R600_C3,Rînd. 600 col.3,dec/DataSet/Data/CAP1_R600_C3,,,numeric,textfield,,,0,0,0,0,0,0,0,154,0,,,,table number,0,0,15,0,,0,,
CAP1_R600_C4,Rînd. 600 col.4,dec/DataSet/Data/CAP1_R600_C4,,,numeric,textfield,,,0,0,0,0,0,0,0,155,0,,,,table number,0,0,15,0,,0,,
CAP1_R600_C5,Rînd. 600 col.5,dec/DataSet/Data/CAP1_R600_C5,,,numeric,textfield,,,0,0,0,0,0,0,0,156,0,,,,table number,0,0,15,0,,0,,
CAP1_R700_C1,Rînd. 700 col.1,dec/DataSet/Data/CAP1_R700_C1,,,numeric,textfield,,,0,0,0,0,0,0,0,157,0,,,,table number,0,0,15,0,,0,,
CAP1_R700_C2,Rînd. 700 col.2,dec/DataSet/Data/CAP1_R700_C2,,,numeric,textfield,,,0,0,0,0,0,0,0,158,0,,,,table number,0,0,15,0,,0,,
CAP1_R700_C3,Rînd. 700 col.3,dec/DataSet/Data/CAP1_R700_C3,,,numeric,textfield,,,0,0,0,0,0,0,0,159,0,,,,table number,0,0,15,0,,0,,
CAP1_R700_C4,Rînd. 700 col.4,dec/DataSet/Data/CAP1_R700_C4,,,numeric,textfield,,,0,0,0,0,0,0,0,160,0,,,,table number,0,0,15,0,,0,,
CAP1_R700_C5,Rînd. 700 col.5,dec/DataSet/Data/CAP1_R700_C5,,,numeric,textfield,,,0,0,0,0,0,0,0,161,0,,,,table number,0,0,15,0,,0,,
CAP1_R701_C1,Rînd. 701 col.1,dec/DataSet/Data/CAP1_R701_C1,,,numeric,textfield,,,0,0,0,0,0,0,0,162,0,,,,table number,0,0,15,0,,0,,
CAP1_R701_C2,Rînd. 701 col.2,dec/DataSet/Data/CAP1_R701_C2,,,numeric,textfield,,,0,0,0,0,0,0,0,163,0,,,,table number,0,0,15,0,,0,,
CAP1_R701_C3,Rînd. 701 col.3,dec/DataSet/Data/CAP1_R701_C3,,,numeric,textfield,,,0,0,0,0,0,0,0,164,0,,,,table number,0,0,15,0,,0,,
CAP1_R701_C4,Rînd. 701 col.4,dec/DataSet/Data/CAP1_R701_C4,,,numeric,textfield,,,0,0,0,0,0,0,0,165,0,,,,table number,0,0,15,0,,0,,
CAP1_R701_C5,Rînd. 701 col.5,dec/DataSet/Data/CAP1_R701_C5,,,numeric,textfield,,,0,0,0,0,0,0,0,166,0,,,,table number,0,0,15,0,,0,,
CAP1_R800_C1,Rînd. 800 col.1,dec/DataSet/Data/CAP1_R800_C1,,,numeric,textfield,,,0,0,0,0,0,0,0,167,0,,,,table number,0,0,15,0,,0,,
CAP1_R800_C2,Rînd. 800 col.2,dec/DataSet/Data/CAP1_R800_C2,,,numeric,textfield,,,0,0,0,0,0,0,0,168,0,,,,table number,0,0,15,0,,0,,
CAP1_R800_C3,Rînd. 800 col.3,dec/DataSet/Data/CAP1_R800_C3,,,numeric,textfield,,,0,0,0,0,0,0,0,169,0,,,,table number,0,0,15,0,,0,,
CAP1_R800_C4,Rînd. 800 col.4,dec/DataSet/Data/CAP1_R800_C4,,,numeric,textfield,,,0,0,0,0,0,0,0,170,0,,,,table number,0,0,15,0,,0,,
CAP1_R800_C5,Rînd. 800 col.5,dec/DataSet/Data/CAP1_R800_C5,,,numeric,textfield,,,0,0,0,0,0,0,0,171,0,,,,table number,0,0,15,0,,0,,
CAP1_R900_C1,Rînd. 900 col.1,dec/DataSet/Data/CAP1_R900_C1,,,numeric,textfield,,,0,0,0,0,0,0,0,172,0,,,,table number,0,0,15,0,,0,,
CAP1_R900_C2,Rînd. 900 col.2,dec/DataSet/Data/CAP1_R900_C2,,,numeric,textfield,,,0,0,0,0,0,0,0,173,0,,,,table number,0,0,15,0,,0,,
CAP1_R900_C3,Rînd. 900 col.3,dec/DataSet/Data/CAP1_R900_C3,,,numeric,textfield,,,0,0,0,0,0,0,0,174,0,,,,table number,0,0,15,0,,0,,
CAP1_R900_C4,Rînd. 900 col.4,dec/DataSet/Data/CAP1_R900_C4,,,numeric,textfield,,,0,0,0,0,0,0,0,175,0,,,,table number,0,0,15,0,,0,,
CAP1_R900_C5,Rînd. 900 col.5,dec/DataSet/Data/CAP1_R900_C5,,,numeric,textfield,,,0,0,0,0,0,0,0,176,0,,,,table number,0,0,15,0,,0,,
CAP1_R1000_C1,Rînd. 1000 col.1,dec/DataSet/Data/CAP1_R1000_C1,,,numeric,textfield,,,0,0,0,0,0,0,0,177,0,,,,table number,0,0,15,0,,0,,
CAP1_R1000_C2,Rînd. 1000 col.2,dec/DataSet/Data/CAP1_R1000_C2,,,numeric,textfield,,,0,0,0,0,0,0,0,178,0,,,,table number,0,0,15,0,,0,,
CAP1_R1000_C3,Rînd. 1000 col.3,dec/DataSet/Data/CAP1_R1000_C3,,,numeric,textfield,,,0,0,0,0,0,0,0,179,0,,,,table number,0,0,15,0,,0,,
CAP1_R1000_C4,Rînd. 1000 col.4,dec/DataSet/Data/CAP1_R1000_C4,,,numeric,textfield,,,0,0,0,0,0,0,0,180,0,,,,table number,0,0,15,0,,0,,
CAP1_R1000_C5,Rînd. 1000 col.5,dec/DataSet/Data/CAP1_R1000_C5,,,numeric,textfield,,,0,0,0,0,0,0,0,181,0,,,,table number,0,0,15,0,,0,,
CAP1_R1100_C1,Rînd. 1100 col.1,dec/DataSet/Data/CAP1_R1100_C1,,,numeric,textfield,,,0,0,0,0,0,0,0,182,0,,,,table number,0,0,15,0,,0,,
CAP1_R1100_C2,Rînd. 1100 col.2,dec/DataSet/Data/CAP1_R1100_C2,,,numeric,textfield,,,0,0,0,0,0,0,0,183,0,,,,table number,0,0,15,0,,0,,
CAP1_R1100_C3,Rînd. 1100 col.3,dec/DataSet/Data/CAP1_R1100_C3,,,numeric,textfield,,,0,0,0,0,0,0,0,184,0,,,,table number,0,0,15,0,,0,,
CAP1_R1100_C4,Rînd. 1100 col.4,dec/DataSet/Data/CAP1_R1100_C4,,,numeric,textfield,,,0,0,0,0,0,0,0,185,0,,,,table number,0,0,15,0,,0,,
CAP1_R1100_C5,Rînd. 1100 col.5,dec/DataSet/Data/CAP1_R1100_C5,,,numeric,textfield,,,0,0,0,0,0,0,0,186,0,,,,table number,0,0,15,0,,0,,
CAP1_R1101_C1,Rînd. 1101 col.1,dec/DataSet/Data/CAP1_R1101_C1,,,numeric,textfield,,,0,0,0,0,0,0,0,187,0,,,,table number,0,0,15,0,,0,,
CAP1_R1101_C2,Rînd. 1101 col.2,dec/DataSet/Data/CAP1_R1101_C2,,,numeric,textfield,,,0,0,0,0,0,0,0,188,0,,,,table number,0,0,15,0,,0,,
CAP1_R1101_C3,Rînd. 1101 col.3,dec/DataSet/Data/CAP1_R1101_C3,,,numeric,textfield,,,0,0,0,0,0,0,0,189,0,,,,table number,0,0,15,0,,0,,
CAP1_R1101_C4,Rînd. 1101 col.4,dec/DataSet/Data/CAP1_R1101_C4,,,numeric,textfield,,,0,0,0,0,0,0,0,190,0,,,,table number,0,0,15,0,,0,,
CAP1_R1101_C5,Rînd. 1101 col.5,dec/DataSet/Data/CAP1_R1101_C5,,,numeric,textfield,,,0,0,0,0,0,0,0,191,0,,,,table number,0,0,15,0,,0,,
CAP11_R0688_C1,Rînd. 0688 col.1,dec/DataSet/Data/CAP11_R0688_C1,,,numeric,textfield,,,0,0,0,0,0,0,0,192,0,,,,table number,0,0,15,0,,0,,
CAP11_R0689_C1,Rînd. 0689 col.1,dec/DataSet/Data/CAP11_R0689_C1,,,numeric,textfield,,,0,0,0,0,0,0,0,193,0,,,,table number,0,0,15,0,,0,,
CAP11_R0690_C1,Rînd. 0690 col.1,dec/DataSet/Data/CAP11_R0690_C1,,,numeric,textfield,,,0,0,0,0,0,0,0,194,0,,,,table number,0,0,15,0,,0,,
CAP11_R0691_C1,Rînd. 0691 col.1,dec/DataSet/Data/CAP11_R0691_C1,,,numeric,textfield,,,0,0,0,0,0,0,0,195,0,,,,table number,0,0,15,0,,0,,
CAP11_R0692_C1,Rînd. 0692 col.1,dec/DataSet/Data/CAP11_R0692_C1,,,numeric,textfield,,,0,0,0,0,0,0,0,196,0,,,,table number,0,0,15,0,,0,,
CAP11_R0693_C1,Rînd. 0693 col.1,dec/DataSet/Data/CAP11_R0693_C1,,,numeric,textfield,,,0,0,0,0,0,0,0,197,0,,,,table number,0,0,15,0,,0,,
CAP11_R0694_C1,Rînd. 0694 col.1,dec/DataSet/Data/CAP11_R0694_C1,,,numeric,textfield,,,0,0,0,0,0,0,0,198,0,,,,table number,0,0,15,0,,0,,
CAP11_R0695_C1,Rînd. 0695 col.1,dec/DataSet/Data/CAP11_R0695_C1,,,numeric,textfield,,,0,0,0,0,0,0,0,199,0,,,,table number,0,0,15,0,,0,,
CAP11_R0696_C1,Rînd. 0696 col.1,dec/DataSet/Data/CAP11_R0696_C1,,,numeric,textfield,,,0,0,0,0,0,0,0,200,0,,,,table number,0,0,15,0,,0,,
CAP11_R0697_C1,Rînd. 0697 col.1,dec/DataSet/Data/CAP11_R0697_C1,,,numeric,textfield,,,0,0,0,0,0,0,0,201,0,,,,table number,0,0,15,0,,0,,
CAP11_R0698_C1,Rînd. 0698 col.1,dec/DataSet/Data/CAP11_R0698_C1,,,numeric,textfield,,,0,0,0,0,0,0,0,202,0,,,,table number,0,0,15,0,,0,,
CAP11_R0699_C1,Rînd. 0699 col.1,dec/DataSet/Data/CAP11_R0699_C1,,,numeric,textfield,,,0,0,0,0,0,0,0,203,0,,,,table number,0,0,15,0,,0,,
CAP11_R0700_C1,Rînd. 0700 col.1,dec/DataSet/Data/CAP11_R0700_C1,,,numeric,textfield,,,0,0,0,0,0,0,0,204,0,,,,table number,0,0,15,0,,0,,
CAP11_R0701_C1,Rînd. 0701 col.1,dec/DataSet/Data/CAP11_R0701_C1,,,numeric,textfield,,,0,0,0,0,0,0,0,205,0,,,,table number,0,0,15,0,,0,,
CAP11_R0702_C1,Rînd. 0702 col.1,dec/DataSet/Data/CAP11_R0702_C1,,,numeric,textfield,,,0,0,0,0,0,0,0,206,0,,,,table number,0,0,15,0,,0,,
CAP11_R0703_C1,Rînd. 0703 col.1,dec/DataSet/Data/CAP11_R0703_C1,,,numeric,textfield,,,0,0,0,0,0,0,0,207,0,,,,table number,0,0,15,0,,0,,
CAP11_R0704_C1,Rînd. 0704 col.1,dec/DataSet/Data/CAP11_R0704_C1,,,numeric,textfield,,,0,0,0,0,0,0,0,208,0,,,,table number,0,0,15,0,,0,,
CAP11_R0705_C1,Rînd. 0705 col.1,dec/DataSet/Data/CAP11_R0705_C1,,,numeric,textfield,,,0,0,0,0,0,0,0,208,0,,,,table number,0,0,15,0,,0,,
CAP2_R0010_C1,Rînd. 0010 col.1,dec/DataSet/Data/CAP2_R0010_C1,,,numeric,textfield,,,0,0,0,0,0,0,0,11,0,,,,table number,0,0,15,0,,0,,
CAP2_R0010_C2,Rînd. 0010 col.2,dec/DataSet/Data/CAP2_R0010_C2,,,numeric,textfield,,,0,0,0,0,0,0,0,12,0,,,,table number,0,0,15,0,,0,,
CAP2_R0012_C1,Rînd. 0012 col.1,dec/DataSet/Data/CAP2_R0012_C1,,,numeric,textfield,,,0,0,0,0,0,0,0,13,0,,,,table number,0,0,15,0,,0,,
CAP2_R0012_C2,Rînd. 0012 col.2,dec/DataSet/Data/CAP2_R0012_C2,,,numeric,textfield,,,0,0,0,0,0,0,0,14,0,,,,table number,0,0,15,0,,0,,
CAP2_R0013_C1,Rînd. 0013 col.1,dec/DataSet/Data/CAP2_R0013_C1,,,numeric,textfield,,,0,0,0,0,0,0,0,15,0,,,,table number,0,0,15,0,,0,,
CAP2_R0013_C2,Rînd. 0013 col.2,dec/DataSet/Data/CAP2_R0013_C2,,,numeric,textfield,,,0,0,0,0,0,0,0,16,0,,,,table number,0,0,15,0,,0,,
CAP2_R0014_C1,Rînd. 0014 col.1,dec/DataSet/Data/CAP2_R0014_C1,,,numeric,textfield,,,0,0,0,0,0,0,0,17,0,,,,table number,0,0,15,0,,0,,
CAP2_R0014_C2,Rînd. 0014 col.2,dec/DataSet/Data/CAP2_R0014_C2,,,numeric,textfield,,,0,0,0,0,0,0,0,18,0,,,,table number,0,0,15,0,,0,,
CAP2_R0020_C1,Rînd. 0020 col.1,dec/DataSet/Data/CAP2_R0020_C1,,,numeric,textfield,,,0,0,0,0,0,0,0,19,0,,,,table number,0,0,15,0,,0,,
CAP2_R0020_C2,Rînd. 0020 col.2,dec/DataSet/Data/CAP2_R0020_C2,,,numeric,textfield,,,0,0,0,0,0,0,0,20,0,,,,table number,0,0,15,0,,0,,
CAP2_R0021_C1,Rînd. 0021 col.1,dec/DataSet/Data/CAP2_R0021_C1,,,numeric,textfield,,,0,0,0,0,0,0,0,21,0,,,,table number,0,0,15,0,,0,,
CAP2_R0021_C2,Rînd. 0021 col.2,dec/DataSet/Data/CAP2_R0021_C2,,,numeric,textfield,,,0,0,0,0,0,0,0,22,0,,,,table number,0,0,15,0,,0,,
CAP2_R0030_C1,Rînd. 0030 col.1,dec/DataSet/Data/CAP2_R0030_C1,,,numeric,textfield,,,0,0,0,0,0,0,0,23,0,,,,table number,0,0,15,0,,0,,
CAP2_R0030_C2,Rînd. 0030 col.2,dec/DataSet/Data/CAP2_R0030_C2,,,numeric,textfield,,,0,0,0,0,0,0,0,24,0,,,,table number,0,0,15,0,,0,,
CAP2_R0031_C1,Rînd. 0031 col.1,dec/DataSet/Data/CAP2_R0031_C1,,,numeric,textfield,,,0,0,0,0,0,0,0,25,0,,,,table number,0,0,15,0,,0,,
CAP2_R0031_C2,Rînd. 0031 col.2,dec/DataSet/Data/CAP2_R0031_C2,,,numeric,textfield,,,0,0,0,0,0,0,0,26,0,,,,table number,0,0,15,0,,0,,
CAP2_R0034_C1,Rînd. 0034 col.1,dec/DataSet/Data/CAP2_R0034_C1,,,numeric,textfield,,,0,0,0,0,0,0,0,27,0,,,,table number,0,0,15,0,,0,,
CAP2_R0034_C2,Rînd. 0034 col.2,dec/DataSet/Data/CAP2_R0034_C2,,,numeric,textfield,,,0,0,0,0,0,0,0,28,0,,,,table number,0,0,15,0,,0,,
CAP2_R0040_C1,Rînd. 0040 col.1,dec/DataSet/Data/CAP2_R0040_C1,,,numeric,textfield,,,0,0,0,0,0,0,0,29,0,,,,table number,0,0,15,0,,0,,
CAP2_R0040_C2,Rînd. 0040 col.2,dec/DataSet/Data/CAP2_R0040_C2,,,numeric,textfield,,,0,0,0,0,0,0,0,30,0,,,,table number,0,0,15,0,,0,,
CAP2_R0041_C1,Rînd. 0041 col.1,dec/DataSet/Data/CAP2_R0041_C1,,,numeric,textfield,,,0,0,0,0,0,0,0,31,0,,,,table number,0,0,15,0,,0,,
CAP2_R0041_C2,Rînd. 0041 col.2,dec/DataSet/Data/CAP2_R0041_C2,,,numeric,textfield,,,0,0,0,0,0,0,0,32,0,,,,table number,0,0,15,0,,0,,
CAP2_R0050_C1,Rînd. 0050 col.1,dec/DataSet/Data/CAP2_R0050_C1,,,numeric,textfield,,,0,0,0,0,0,0,0,33,0,,,,table number,0,0,15,0,,0,,
CAP2_R0050_C2,Rînd. 0050 col.2,dec/DataSet/Data/CAP2_R0050_C2,,,numeric,textfield,,,0,0,0,0,0,0,0,34,0,,,,table number,0,0,15,0,,0,,
CAP2_R0051_C1,Rînd. 0051 col.1,dec/DataSet/Data/CAP2_R0051_C1,,,numeric,textfield,,,0,0,0,0,0,0,0,35,0,,,,table number,0,0,15,0,,0,,
CAP2_R0051_C2,Rînd. 0051 col.2,dec/DataSet/Data/CAP2_R0051_C2,,,numeric,textfield,,,0,0,0,0,0,0,0,36,0,,,,table number,0,0,15,0,,0,,
CAP2_R0060_C1,Rînd. 0060 col.1,dec/DataSet/Data/CAP2_R0060_C1,,,numeric,textfield,,,0,0,0,0,0,0,0,37,0,,,,table number,0,0,15,0,,0,,
CAP2_R0060_C2,Rînd. 0060 col.2,dec/DataSet/Data/CAP2_R0060_C2,,,numeric,textfield,,,0,0,0,0,0,0,0,38,0,,,,table number,0,0,15,0,,0,,
CAP2_R0070_C1,Rînd. 0070 col.1,dec/DataSet/Data/CAP2_R0070_C1,,,numeric,textfield,,,0,0,0,0,0,0,0,39,0,,,,table number,0,0,15,0,,0,,
CAP2_R0070_C2,Rînd. 0070 col.2,dec/DataSet/Data/CAP2_R0070_C2,,,numeric,textfield,,,0,0,0,0,0,0,0,40,0,,,,table number,0,0,15,0,,0,,
CAP2_R0080_C1,Rînd. 0080 col.1,dec/DataSet/Data/CAP2_R0080_C1,,,numeric,textfield,,,0,0,0,0,0,0,0,41,0,,,,table number,0,0,15,0,,0,,
CAP2_R0080_C2,Rînd. 0080 col.2,dec/DataSet/Data/CAP2_R0080_C2,,,numeric,textfield,,,0,0,0,0,0,0,0,42,0,,,,table number,0,0,15,0,,0,,
CAP22_R0100_C1,Rînd. 0100 col.1,dec/DataSet/Data/CAP22_R0100_C1,,,numeric,textfield,,,0,0,0,0,0,0,0,43,0,,,,table number,0,0,15,0,,0,,
CAP22_R0100_C2,Rînd. 0100 col.2,dec/DataSet/Data/CAP22_R0100_C2,,,numeric,textfield,,,0,0,0,0,0,0,0,44,0,,,,table number,0,0,15,0,,0,,
CAP22_R0100_C3,Rînd. 0100 col.3,dec/DataSet/Data/CAP22_R0100_C3,,,numeric,textfield,,,0,0,0,0,0,0,0,45,0,,,,table number,0,0,15,0,,0,,
CAP22_R0100_C4,Rînd. 0100 col.4,dec/DataSet/Data/CAP22_R0100_C4,,,numeric,textfield,,,0,0,0,0,0,0,0,46,0,,,,table number,0,0,15,0,,0,,
CAP22_R0100_C5,Rînd. 0100 col.5,dec/DataSet/Data/CAP22_R0100_C5,,,numeric,textfield,,,0,0,0,0,0,0,0,47,0,,,,table number,0,0,15,0,,0,,
CAP22_R0100_C6,Rînd. 0100 col.6,dec/DataSet/Data/CAP22_R0100_C6,,,numeric,textfield,,,0,0,0,0,0,0,0,48,0,,,,table number,0,0,15,0,,0,,
CAP22_R0100_C7,Rînd. 0100 col.7,dec/DataSet/Data/CAP22_R0100_C7,,,numeric,textfield,,,0,0,0,0,0,0,0,49,0,,,,table number,0,0,15,0,,0,,
CAP22_R0100_C8,Rînd. 0100 col.8,dec/DataSet/Data/CAP22_R0100_C8,,,numeric,textfield,,,0,0,0,0,0,0,0,50,0,,,,table number,0,0,15,0,,0,,
CAP22_R0200_C1,Rînd. 0200 col.1,dec/DataSet/Data/CAP22_R0200_C1,,,numeric,textfield,,,0,0,0,0,0,0,0,51,0,,,,table number,0,0,15,0,,0,,
CAP22_R0200_C2,Rînd. 0200 col.2,dec/DataSet/Data/CAP22_R0200_C2,,,numeric,textfield,,,0,0,0,0,0,0,0,52,0,,,,table number,0,0,15,0,,0,,
CAP22_R0200_C3,Rînd. 0200 col.3,dec/DataSet/Data/CAP22_R0200_C3,,,numeric,textfield,,,0,0,0,0,0,0,0,53,0,,,,table number,0,0,15,0,,0,,
CAP22_R0200_C4,Rînd. 0200 col.4,dec/DataSet/Data/CAP22_R0200_C4,,,numeric,textfield,,,0,0,0,0,0,0,0,54,0,,,,table number,0,0,15,0,,0,,
CAP22_R0200_C5,Rînd. 0200 col.5,dec/DataSet/Data/CAP22_R0200_C5,,,numeric,textfield,,,0,0,0,0,0,0,0,55,0,,,,table number,0,0,15,0,,0,,
CAP22_R0200_C6,Rînd. 0200 col.6,dec/DataSet/Data/CAP22_R0200_C6,,,numeric,textfield,,,0,0,0,0,0,0,0,56,0,,,,table number,0,0,15,0,,0,,
CAP22_R0200_C7,Rînd. 0200 col.7,dec/DataSet/Data/CAP22_R0200_C7,,,numeric,textfield,,,0,0,0,0,0,0,0,57,0,,,,table number,0,0,15,0,,0,,
CAP22_R0200_C8,Rînd. 0200 col.8,dec/DataSet/Data/CAP22_R0200_C8,,,numeric,textfield,,,0,0,0,0,0,0,0,58,0,,,,table number,0,0,15,0,,0,,
CAP22_R0300_C1,Rînd. 0300 col.1,dec/DataSet/Data/CAP22_R0300_C1,,,numeric,textfield,,,0,0,0,0,0,0,0,59,0,,,,table number,0,0,15,0,,0,,
CAP22_R0300_C2,Rînd. 0300 col.2,dec/DataSet/Data/CAP22_R0300_C2,,,numeric,textfield,,,0,0,0,0,0,0,0,60,0,,,,table number,0,0,15,0,,0,,
CAP22_R0300_C3,Rînd. 0300 col.3,dec/DataSet/Data/CAP22_R0300_C3,,,numeric,textfield,,,0,0,0,0,0,0,0,61,0,,,,table number,0,0,15,0,,0,,
CAP22_R0300_C4,Rînd. 0300 col.4,dec/DataSet/Data/CAP22_R0300_C4,,,numeric,textfield,,,0,0,0,0,0,0,0,62,0,,,,table number,0,0,15,0,,0,,
CAP22_R0300_C5,Rînd. 0300 col.5,dec/DataSet/Data/CAP22_R0300_C5,,,numeric,textfield,,,0,0,0,0,0,0,0,63,0,,,,table number,0,0,15,0,,0,,
CAP22_R0300_C6,Rînd. 0300 col.6,dec/DataSet/Data/CAP22_R0300_C6,,,numeric,textfield,,,0,0,0,0,0,0,0,64,0,,,,table number,0,0,15,0,,0,,
CAP22_R0300_C7,Rînd. 0300 col.7,dec/DataSet/Data/CAP22_R0300_C7,,,numeric,textfield,,,0,0,0,0,0,0,0,65,0,,,,table number,0,0,15,0,,0,,
CAP22_R0300_C8,Rînd. 0300 col.8,dec/DataSet/Data/CAP22_R0300_C8,,,numeric,textfield,,,0,0,0,0,0,0,0,66,0,,,,table number,0,0,15,0,,0,,
CAP22_R0400_C1,Rînd. 0400 col.1,dec/DataSet/Data/CAP22_R0400_C1,,,numeric,textfield,,,0,0,0,0,0,0,0,67,0,,,,table number,0,0,15,0,,0,,
CAP22_R0400_C2,Rînd. 0400 col.2,dec/DataSet/Data/CAP22_R0400_C2,,,numeric,textfield,,,0,0,0,0,0,0,0,68,0,,,,table number,0,0,15,0,,0,,
CAP22_R0400_C3,Rînd. 0400 col.3,dec/DataSet/Data/CAP22_R0400_C3,,,numeric,textfield,,,0,0,0,0,0,0,0,69,0,,,,table number,0,0,15,0,,0,,
CAP22_R0400_C4,Rînd. 0400 col.4,dec/DataSet/Data/CAP22_R0400_C4,,,numeric,textfield,,,0,0,0,0,0,0,0,70,0,,,,table number,0,0,15,0,,0,,
CAP22_R0400_C5,Rînd. 0400 col.5,dec/DataSet/Data/CAP22_R0400_C5,,,numeric,textfield,,,0,0,0,0,0,0,0,71,0,,,,table number,0,0,15,0,,0,,
CAP22_R0400_C6,Rînd. 0400 col.6,dec/DataSet/Data/CAP22_R0400_C6,,,numeric,textfield,,,0,0,0,0,0,0,0,72,0,,,,table number,0,0,15,0,,0,,
CAP22_R0400_C7,Rînd. 0400 col.7,dec/DataSet/Data/CAP22_R0400_C7,,,numeric,textfield,,,0,0,0,0,0,0,0,73,0,,,,table number,0,0,15,0,,0,,
CAP22_R0400_C8,Rînd. 0400 col.8,dec/DataSet/Data/CAP22_R0400_C8,,,numeric,textfield,,,0,0,0,0,0,0,0,74,0,,,,table number,0,0,15,0,,0,,
CAP3_R010_C1,Rînd. 010 col.1,dec/DataSet/Data/CAP3_R010_C1,,,numeric,textfield,,,0,0,0,0,0,0,0,11,0,,,,table number,0,0,15,0,,0,,
CAP3_R010_C2,Rînd. 010 col.2,dec/DataSet/Data/CAP3_R010_C2,,,numeric,textfield,,,0,0,0,0,0,0,0,12,0,,,,table number,0,0,15,0,,0,,
CAP3_R010_C3,Rînd. 010 col.3,dec/DataSet/Data/CAP3_R010_C3,,,numeric,textfield,,,0,0,0,0,0,0,0,13,0,,,,table number,0,0,15,0,,0,,
CAP3_R010_C4,Rînd. 010 col.4,dec/DataSet/Data/CAP3_R010_C4,,,numeric,textfield,,,0,0,0,0,0,0,0,14,0,,,,table number,0,0,15,0,,0,,
CAP3_R010_C5,Rînd. 010 col.5,dec/DataSet/Data/CAP3_R010_C5,,,numeric,textfield,,,0,0,0,0,0,0,0,15,0,,,,table number,0,0,15,0,,0,,
CAP3_R010_C6,Rînd. 010 col.6,dec/DataSet/Data/CAP3_R010_C6,,,numeric,textfield,,,0,0,0,0,0,0,0,16,0,,,,table number,0,0,15,0,,0,,
CAP3_R010_C7,Rînd. 010 col.7,dec/DataSet/Data/CAP3_R010_C7,,,numeric,textfield,,,0,0,0,0,0,0,0,17,0,,,,table number,0,0,15,0,,0,,
CAP3_R010_C8,Rînd. 010 col.8,dec/DataSet/Data/CAP3_R010_C8,,,numeric,textfield,,,0,0,0,0,0,0,0,18,0,,,,table number,0,0,15,0,,0,,
CAP3_R010_C9,Rînd. 010 col.9,dec/DataSet/Data/CAP3_R010_C9,,,numeric,textfield,,,0,0,0,0,0,0,0,19,0,,,,table number,0,0,15,0,,0,,
CAP3_R010_C10,Rînd. 010 col.10,dec/DataSet/Data/CAP3_R010_C10,,,numeric,textfield,,,0,0,0,0,0,0,0,20,0,,,,table number,0,0,15,0,,0,,
CAP3_R010_C11,Rînd. 010 col.11,dec/DataSet/Data/CAP3_R010_C11,,,numeric,textfield,,,0,0,0,0,0,0,0,21,0,,,,table number,0,0,15,0,,0,,
CAP3_R010_C12,Rînd. 010 col.12,dec/DataSet/Data/CAP3_R010_C12,,,numeric,textfield,,,0,0,0,0,0,0,0,22,0,,,,table number,0,0,15,0,,0,,
CAP3_R010_C13,Rînd. 010 col.13,dec/DataSet/Data/CAP3_R010_C13,,,numeric,textfield,,,0,0,0,0,0,0,0,23,0,,,,table number,0,0,15,0,,0,,
CAP3_R010_C14,Rînd. 010 col.14,dec/DataSet/Data/CAP3_R010_C14,,,numeric,textfield,,,0,0,0,0,0,0,0,24,0,,,,table number,0,0,15,0,,0,,
CAP3_R010_C15,Rînd. 010 col.15,dec/DataSet/Data/CAP3_R010_C15,,,numeric,textfield,,,0,0,0,0,0,0,0,25,0,,,,table number,0,0,15,0,,0,,
CAP3_R010_C16,Rînd. 010 col.16,dec/DataSet/Data/CAP3_R010_C16,,,numeric,textfield,,,0,0,0,0,0,0,0,26,0,,,,table number,0,0,15,0,,0,,
CAP3_R011_C1,Rînd. 011 col.1,dec/DataSet/Data/CAP3_R011_C1,,,numeric,textfield,,,0,0,0,0,0,0,0,27,0,,,,table number,0,0,15,0,,0,,
CAP3_R011_C2,Rînd. 011 col.2,dec/DataSet/Data/CAP3_R011_C2,,,numeric,textfield,,,0,0,0,0,0,0,0,28,0,,,,table number,0,0,15,0,,0,,
CAP3_R011_C3,Rînd. 011 col.3,dec/DataSet/Data/CAP3_R011_C3,,,numeric,textfield,,,0,0,0,0,0,0,0,29,0,,,,table number,0,0,15,0,,0,,
CAP3_R011_C4,Rînd. 011 col.4,dec/DataSet/Data/CAP3_R011_C4,,,numeric,textfield,,,0,0,0,0,0,0,0,30,0,,,,table number,0,0,15,0,,0,,
CAP3_R011_C5,Rînd. 011 col.5,dec/DataSet/Data/CAP3_R011_C5,,,numeric,textfield,,,0,0,0,0,0,0,0,31,0,,,,table number,0,0,15,0,,0,,
CAP3_R011_C6,Rînd. 011 col.6,dec/DataSet/Data/CAP3_R011_C6,,,numeric,textfield,,,0,0,0,0,0,0,0,32,0,,,,table number,0,0,15,0,,0,,
CAP3_R011_C7,Rînd. 011 col.7,dec/DataSet/Data/CAP3_R011_C7,,,numeric,textfield,,,0,0,0,0,0,0,0,33,0,,,,table number,0,0,15,0,,0,,
CAP3_R011_C8,Rînd. 011 col.8,dec/DataSet/Data/CAP3_R011_C8,,,numeric,textfield,,,0,0,0,0,0,0,0,34,0,,,,table number,0,0,15,0,,0,,
CAP3_R011_C9,Rînd. 011 col.9,dec/DataSet/Data/CAP3_R011_C9,,,numeric,textfield,,,0,0,0,0,0,0,0,35,0,,,,table number,0,0,15,0,,0,,
CAP3_R011_C10,Rînd. 011 col.10,dec/DataSet/Data/CAP3_R011_C10,,,numeric,textfield,,,0,0,0,0,0,0,0,36,0,,,,table number,0,0,15,0,,0,,
CAP3_R011_C11,Rînd. 011 col.11,dec/DataSet/Data/CAP3_R011_C11,,,numeric,textfield,,,0,0,0,0,0,0,0,37,0,,,,table number,0,0,15,0,,0,,
CAP3_R011_C12,Rînd. 011 col.12,dec/DataSet/Data/CAP3_R011_C12,,,numeric,textfield,,,0,0,0,0,0,0,0,38,0,,,,table number,0,0,15,0,,0,,
CAP3_R011_C13,Rînd. 011 col.13,dec/DataSet/Data/CAP3_R011_C13,,,numeric,textfield,,,0,0,0,0,0,0,0,39,0,,,,table number,0,0,15,0,,0,,
CAP3_R011_C14,Rînd. 011 col.14,dec/DataSet/Data/CAP3_R011_C14,,,numeric,textfield,,,0,0,0,0,0,0,0,40,0,,,,table number,0,0,15,0,,0,,
CAP3_R011_C15,Rînd. 011 col.15,dec/DataSet/Data/CAP3_R011_C15,,,numeric,textfield,,,0,0,0,0,0,0,0,41,0,,,,table number,0,0,15,0,,0,,
CAP3_R011_C16,Rînd. 011 col.16,dec/DataSet/Data/CAP3_R011_C16,,,numeric,textfield,,,0,0,0,0,0,0,0,42,0,,,,table number,0,0,15,0,,0,,
CAP3_R012_C1,Rînd. 012 col.1,dec/DataSet/Data/CAP3_R012_C1,,,numeric,textfield,,,0,0,0,0,0,0,0,43,0,,,,table number,0,0,15,0,,0,,
CAP3_R012_C2,Rînd. 012 col.2,dec/DataSet/Data/CAP3_R012_C2,,,numeric,textfield,,,0,0,0,0,0,0,0,44,0,,,,table number,0,0,15,0,,0,,
CAP3_R012_C3,Rînd. 012 col.3,dec/DataSet/Data/CAP3_R012_C3,,,numeric,textfield,,,0,0,0,0,0,0,0,45,0,,,,table number,0,0,15,0,,0,,
CAP3_R012_C4,Rînd. 012 col.4,dec/DataSet/Data/CAP3_R012_C4,,,numeric,textfield,,,0,0,0,0,0,0,0,46,0,,,,table number,0,0,15,0,,0,,
CAP3_R012_C5,Rînd. 012 col.5,dec/DataSet/Data/CAP3_R012_C5,,,numeric,textfield,,,0,0,0,0,0,0,0,47,0,,,,table number,0,0,15,0,,0,,
CAP3_R012_C6,Rînd. 012 col.6,dec/DataSet/Data/CAP3_R012_C6,,,numeric,textfield,,,0,0,0,0,0,0,0,48,0,,,,table number,0,0,15,0,,0,,
CAP3_R012_C7,Rînd. 012 col.7,dec/DataSet/Data/CAP3_R012_C7,,,numeric,textfield,,,0,0,0,0,0,0,0,49,0,,,,table number,0,0,15,0,,0,,
CAP3_R012_C8,Rînd. 012 col.8,dec/DataSet/Data/CAP3_R012_C8,,,numeric,textfield,,,0,0,0,0,0,0,0,50,0,,,,table number,0,0,15,0,,0,,
CAP3_R012_C9,Rînd. 012 col.9,dec/DataSet/Data/CAP3_R012_C9,,,numeric,textfield,,,0,0,0,0,0,0,0,51,0,,,,table number,0,0,15,0,,0,,
CAP3_R012_C10,Rînd. 012 col.10,dec/DataSet/Data/CAP3_R012_C10,,,numeric,textfield,,,0,0,0,0,0,0,0,52,0,,,,table number,0,0,15,0,,0,,
CAP3_R012_C11,Rînd. 012 col.11,dec/DataSet/Data/CAP3_R012_C11,,,numeric,textfield,,,0,0,0,0,0,0,0,53,0,,,,table number,0,0,15,0,,0,,
CAP3_R012_C12,Rînd. 012 col.12,dec/DataSet/Data/CAP3_R012_C12,,,numeric,textfield,,,0,0,0,0,0,0,0,54,0,,,,table number,0,0,15,0,,0,,
CAP3_R012_C13,Rînd. 012 col.13,dec/DataSet/Data/CAP3_R012_C13,,,numeric,textfield,,,0,0,0,0,0,0,0,55,0,,,,table number,0,0,15,0,,0,,
CAP3_R012_C14,Rînd. 012 col.14,dec/DataSet/Data/CAP3_R012_C14,,,numeric,textfield,,,0,0,0,0,0,0,0,56,0,,,,table number,0,0,15,0,,0,,
CAP3_R012_C15,Rînd. 012 col.15,dec/DataSet/Data/CAP3_R012_C15,,,numeric,textfield,,,0,0,0,0,0,0,0,57,0,,,,table number,0,0,15,0,,0,,
CAP3_R012_C16,Rînd. 012 col.16,dec/DataSet/Data/CAP3_R012_C16,,,numeric,textfield,,,0,0,0,0,0,0,0,58,0,,,,table number,0,0,15,0,,0,,
CAP3_R013_C1,Rînd. 013 col.1,dec/DataSet/Data/CAP3_R013_C1,,,numeric,textfield,,,0,0,0,0,0,0,0,59,0,,,,table number,0,0,15,0,,0,,
CAP3_R013_C2,Rînd. 013 col.2,dec/DataSet/Data/CAP3_R013_C2,,,numeric,textfield,,,0,0,0,0,0,0,0,60,0,,,,table number,0,0,15,0,,0,,
CAP3_R013_C3,Rînd. 013 col.3,dec/DataSet/Data/CAP3_R013_C3,,,numeric,textfield,,,0,0,0,0,0,0,0,61,0,,,,table number,0,0,15,0,,0,,
CAP3_R013_C4,Rînd. 013 col.4,dec/DataSet/Data/CAP3_R013_C4,,,numeric,textfield,,,0,0,0,0,0,0,0,62,0,,,,table number,0,0,15,0,,0,,
CAP3_R013_C5,Rînd. 013 col.5,dec/DataSet/Data/CAP3_R013_C5,,,numeric,textfield,,,0,0,0,0,0,0,0,63,0,,,,table number,0,0,15,0,,0,,
CAP3_R013_C6,Rînd. 013 col.6,dec/DataSet/Data/CAP3_R013_C6,,,numeric,textfield,,,0,0,0,0,0,0,0,64,0,,,,table number,0,0,15,0,,0,,
CAP3_R013_C7,Rînd. 013 col.7,dec/DataSet/Data/CAP3_R013_C7,,,numeric,textfield,,,0,0,0,0,0,0,0,65,0,,,,table number,0,0,15,0,,0,,
CAP3_R013_C8,Rînd. 013 col.8,dec/DataSet/Data/CAP3_R013_C8,,,numeric,textfield,,,0,0,0,0,0,0,0,66,0,,,,table number,0,0,15,0,,0,,
CAP3_R013_C9,Rînd. 013 col.9,dec/DataSet/Data/CAP3_R013_C9,,,numeric,textfield,,,0,0,0,0,0,0,0,67,0,,,,table number,0,0,15,0,,0,,
CAP3_R013_C10,Rînd. 013 col.10,dec/DataSet/Data/CAP3_R013_C10,,,numeric,textfield,,,0,0,0,0,0,0,0,68,0,,,,table number,0,0,15,0,,0,,
CAP3_R013_C11,Rînd. 013 col.11,dec/DataSet/Data/CAP3_R013_C11,,,numeric,textfield,,,0,0,0,0,0,0,0,69,0,,,,table number,0,0,15,0,,0,,
CAP3_R013_C12,Rînd. 013 col.12,dec/DataSet/Data/CAP3_R013_C12,,,numeric,textfield,,,0,0,0,0,0,0,0,70,0,,,,table number,0,0,15,0,,0,,
CAP3_R013_C13,Rînd. 013 col.13,dec/DataSet/Data/CAP3_R013_C13,,,numeric,textfield,,,0,0,0,0,0,0,0,71,0,,,,table number,0,0,15,0,,0,,
CAP3_R013_C14,Rînd. 013 col.14,dec/DataSet/Data/CAP3_R013_C14,,,numeric,textfield,,,0,0,0,0,0,0,0,72,0,,,,table number,0,0,15,0,,0,,
CAP3_R013_C15,Rînd. 013 col.15,dec/DataSet/Data/CAP3_R013_C15,,,numeric,textfield,,,0,0,0,0,0,0,0,73,0,,,,table number,0,0,15,0,,0,,
CAP3_R013_C16,Rînd. 013 col.16,dec/DataSet/Data/CAP3_R013_C16,,,numeric,textfield,,,0,0,0,0,0,0,0,74,0,,,,table number,0,0,15,0,,0,,
CAP3_R014_C1,Rînd. 014 col.1,dec/DataSet/Data/CAP3_R014_C1,,,numeric,textfield,,,0,0,0,0,0,0,0,75,0,,,,table number,0,0,15,0,,0,,
CAP3_R014_C2,Rînd. 014 col.2,dec/DataSet/Data/CAP3_R014_C2,,,numeric,textfield,,,0,0,0,0,0,0,0,76,0,,,,table number,0,0,15,0,,0,,
CAP3_R014_C3,Rînd. 014 col.3,dec/DataSet/Data/CAP3_R014_C3,,,numeric,textfield,,,0,0,0,0,0,0,0,77,0,,,,table number,0,0,15,0,,0,,
CAP3_R014_C4,Rînd. 014 col.4,dec/DataSet/Data/CAP3_R014_C4,,,numeric,textfield,,,0,0,0,0,0,0,0,78,0,,,,table number,0,0,15,0,,0,,
CAP3_R014_C5,Rînd. 014 col.5,dec/DataSet/Data/CAP3_R014_C5,,,numeric,textfield,,,0,0,0,0,0,0,0,79,0,,,,table number,0,0,15,0,,0,,
CAP3_R014_C6,Rînd. 014 col.6,dec/DataSet/Data/CAP3_R014_C6,,,numeric,textfield,,,0,0,0,0,0,0,0,80,0,,,,table number,0,0,15,0,,0,,
CAP3_R014_C7,Rînd. 014 col.7,dec/DataSet/Data/CAP3_R014_C7,,,numeric,textfield,,,0,0,0,0,0,0,0,81,0,,,,table number,0,0,15,0,,0,,
CAP3_R014_C8,Rînd. 014 col.8,dec/DataSet/Data/CAP3_R014_C8,,,numeric,textfield,,,0,0,0,0,0,0,0,82,0,,,,table number,0,0,15,0,,0,,
CAP3_R014_C9,Rînd. 014 col.9,dec/DataSet/Data/CAP3_R014_C9,,,numeric,textfield,,,0,0,0,0,0,0,0,83,0,,,,table number,0,0,15,0,,0,,
CAP3_R014_C10,Rînd. 014 col.10,dec/DataSet/Data/CAP3_R014_C10,,,numeric,textfield,,,0,0,0,0,0,0,0,84,0,,,,table number,0,0,15,0,,0,,
CAP3_R014_C11,Rînd. 014 col.11,dec/DataSet/Data/CAP3_R014_C11,,,numeric,textfield,,,0,0,0,0,0,0,0,85,0,,,,table number,0,0,15,0,,0,,
CAP3_R014_C12,Rînd. 014 col.12,dec/DataSet/Data/CAP3_R014_C12,,,numeric,textfield,,,0,0,0,0,0,0,0,86,0,,,,table number,0,0,15,0,,0,,
CAP3_R014_C13,Rînd. 014 col.13,dec/DataSet/Data/CAP3_R014_C13,,,numeric,textfield,,,0,0,0,0,0,0,0,87,0,,,,table number,0,0,15,0,,0,,
CAP3_R014_C14,Rînd. 014 col.14,dec/DataSet/Data/CAP3_R014_C14,,,numeric,textfield,,,0,0,0,0,0,0,0,88,0,,,,table number,0,0,15,0,,0,,
CAP3_R014_C15,Rînd. 014 col.15,dec/DataSet/Data/CAP3_R014_C15,,,numeric,textfield,,,0,0,0,0,0,0,0,89,0,,,,table number,0,0,15,0,,0,,
CAP3_R014_C16,Rînd. 014 col.16,dec/DataSet/Data/CAP3_R014_C16,,,numeric,textfield,,,0,0,0,0,0,0,0,90,0,,,,table number,0,0,15,0,,0,,
CAP3_R015_C1,Rînd. 015 col.1,dec/DataSet/Data/CAP3_R015_C1,,,numeric,textfield,,,0,0,0,0,0,0,0,91,0,,,,table number,0,0,15,0,,0,,
CAP3_R015_C2,Rînd. 015 col.2,dec/DataSet/Data/CAP3_R015_C2,,,numeric,textfield,,,0,0,0,0,0,0,0,92,0,,,,table number,0,0,15,0,,0,,
CAP3_R015_C3,Rînd. 015 col.3,dec/DataSet/Data/CAP3_R015_C3,,,numeric,textfield,,,0,0,0,0,0,0,0,93,0,,,,table number,0,0,15,0,,0,,
CAP3_R015_C4,Rînd. 015 col.4,dec/DataSet/Data/CAP3_R015_C4,,,numeric,textfield,,,0,0,0,0,0,0,0,94,0,,,,table number,0,0,15,0,,0,,
CAP3_R015_C5,Rînd. 015 col.5,dec/DataSet/Data/CAP3_R015_C5,,,numeric,textfield,,,0,0,0,0,0,0,0,95,0,,,,table number,0,0,15,0,,0,,
CAP3_R015_C6,Rînd. 015 col.6,dec/DataSet/Data/CAP3_R015_C6,,,numeric,textfield,,,0,0,0,0,0,0,0,96,0,,,,table number,0,0,15,0,,0,,
CAP3_R015_C7,Rînd. 015 col.7,dec/DataSet/Data/CAP3_R015_C7,,,numeric,textfield,,,0,0,0,0,0,0,0,97,0,,,,table number,0,0,15,0,,0,,
CAP3_R015_C8,Rînd. 015 col.8,dec/DataSet/Data/CAP3_R015_C8,,,numeric,textfield,,,0,0,0,0,0,0,0,98,0,,,,table number,0,0,15,0,,0,,
CAP3_R015_C9,Rînd. 015 col.9,dec/DataSet/Data/CAP3_R015_C9,,,numeric,textfield,,,0,0,0,0,0,0,0,99,0,,,,table number,0,0,15,0,,0,,
CAP3_R015_C10,Rînd. 015 col.10,dec/DataSet/Data/CAP3_R015_C10,,,numeric,textfield,,,0,0,0,0,0,0,0,100,0,,,,table number,0,0,15,0,,0,,
CAP3_R015_C11,Rînd. 015 col.11,dec/DataSet/Data/CAP3_R015_C11,,,numeric,textfield,,,0,0,0,0,0,0,0,101,0,,,,table number,0,0,15,0,,0,,
CAP3_R015_C12,Rînd. 015 col.12,dec/DataSet/Data/CAP3_R015_C12,,,numeric,textfield,,,0,0,0,0,0,0,0,102,0,,,,table number,0,0,15,0,,0,,
CAP3_R015_C13,Rînd. 015 col.13,dec/DataSet/Data/CAP3_R015_C13,,,numeric,textfield,,,0,0,0,0,0,0,0,103,0,,,,table number,0,0,15,0,,0,,
CAP3_R015_C14,Rînd. 015 col.14,dec/DataSet/Data/CAP3_R015_C14,,,numeric,textfield,,,0,0,0,0,0,0,0,104,0,,,,table number,0,0,15,0,,0,,
CAP3_R015_C15,Rînd. 015 col.15,dec/DataSet/Data/CAP3_R015_C15,,,numeric,textfield,,,0,0,0,0,0,0,0,105,0,,,,table number,0,0,15,0,,0,,
CAP3_R015_C16,Rînd. 015 col.16,dec/DataSet/Data/CAP3_R015_C16,,,numeric,textfield,,,0,0,0,0,0,0,0,106,0,,,,table number,0,0,15,0,,0,,
CAP3_R016_C1,Rînd. 016 col.1,dec/DataSet/Data/CAP3_R016_C1,,,numeric,textfield,,,0,0,0,0,0,0,0,107,0,,,,table number,0,0,15,0,,0,,
CAP3_R016_C2,Rînd. 016 col.2,dec/DataSet/Data/CAP3_R016_C2,,,numeric,textfield,,,0,0,0,0,0,0,0,108,0,,,,table number,0,0,15,0,,0,,
CAP3_R016_C3,Rînd. 016 col.3,dec/DataSet/Data/CAP3_R016_C3,,,numeric,textfield,,,0,0,0,0,0,0,0,109,0,,,,table number,0,0,15,0,,0,,
CAP3_R016_C4,Rînd. 016 col.4,dec/DataSet/Data/CAP3_R016_C4,,,numeric,textfield,,,0,0,0,0,0,0,0,110,0,,,,table number,0,0,15,0,,0,,
CAP3_R016_C5,Rînd. 016 col.5,dec/DataSet/Data/CAP3_R016_C5,,,numeric,textfield,,,0,0,0,0,0,0,0,111,0,,,,table number,0,0,15,0,,0,,
CAP3_R016_C6,Rînd. 016 col.6,dec/DataSet/Data/CAP3_R016_C6,,,numeric,textfield,,,0,0,0,0,0,0,0,112,0,,,,table number,0,0,15,0,,0,,
CAP3_R016_C7,Rînd. 016 col.7,dec/DataSet/Data/CAP3_R016_C7,,,numeric,textfield,,,0,0,0,0,0,0,0,113,0,,,,table number,0,0,15,0,,0,,
CAP3_R016_C8,Rînd. 016 col.8,dec/DataSet/Data/CAP3_R016_C8,,,numeric,textfield,,,0,0,0,0,0,0,0,114,0,,,,table number,0,0,15,0,,0,,
CAP3_R016_C9,Rînd. 016 col.9,dec/DataSet/Data/CAP3_R016_C9,,,numeric,textfield,,,0,0,0,0,0,0,0,115,0,,,,table number,0,0,15,0,,0,,
CAP3_R016_C10,Rînd. 016 col.10,dec/DataSet/Data/CAP3_R016_C10,,,numeric,textfield,,,0,0,0,0,0,0,0,116,0,,,,table number,0,0,15,0,,0,,
CAP3_R016_C11,Rînd. 016 col.11,dec/DataSet/Data/CAP3_R016_C11,,,numeric,textfield,,,0,0,0,0,0,0,0,117,0,,,,table number,0,0,15,0,,0,,
CAP3_R016_C12,Rînd. 016 col.12,dec/DataSet/Data/CAP3_R016_C12,,,numeric,textfield,,,0,0,0,0,0,0,0,118,0,,,,table number,0,0,15,0,,0,,
CAP3_R016_C13,Rînd. 016 col.13,dec/DataSet/Data/CAP3_R016_C13,,,numeric,textfield,,,0,0,0,0,0,0,0,119,0,,,,table number,0,0,15,0,,0,,
CAP3_R016_C14,Rînd. 016 col.14,dec/DataSet/Data/CAP3_R016_C14,,,numeric,textfield,,,0,0,0,0,0,0,0,120,0,,,,table number,0,0,15,0,,0,,
CAP3_R016_C15,Rînd. 016 col.15,dec/DataSet/Data/CAP3_R016_C15,,,numeric,textfield,,,0,0,0,0,0,0,0,121,0,,,,table number,0,0,15,0,,0,,
CAP3_R016_C16,Rînd. 016 col.16,dec/DataSet/Data/CAP3_R016_C16,,,numeric,textfield,,,0,0,0,0,0,0,0,122,0,,,,table number,0,0,15,0,,0,,
CAP3_R017_C1,Rînd. 017 col.1,dec/DataSet/Data/CAP3_R017_C1,,,numeric,textfield,,,0,0,0,0,0,0,0,123,0,,,,table number,0,0,15,0,,0,,
CAP3_R017_C2,Rînd. 017 col.2,dec/DataSet/Data/CAP3_R017_C2,,,numeric,textfield,,,0,0,0,0,0,0,0,124,0,,,,table number,0,0,15,0,,0,,
CAP3_R017_C3,Rînd. 017 col.3,dec/DataSet/Data/CAP3_R017_C3,,,numeric,textfield,,,0,0,0,0,0,0,0,125,0,,,,table number,0,0,15,0,,0,,
CAP3_R017_C4,Rînd. 017 col.4,dec/DataSet/Data/CAP3_R017_C4,,,numeric,textfield,,,0,0,0,0,0,0,0,126,0,,,,table number,0,0,15,0,,0,,
CAP3_R017_C5,Rînd. 017 col.5,dec/DataSet/Data/CAP3_R017_C5,,,numeric,textfield,,,0,0,0,0,0,0,0,127,0,,,,table number,0,0,15,0,,0,,
CAP3_R017_C6,Rînd. 017 col.6,dec/DataSet/Data/CAP3_R017_C6,,,numeric,textfield,,,0,0,0,0,0,0,0,128,0,,,,table number,0,0,15,0,,0,,
CAP3_R017_C7,Rînd. 017 col.7,dec/DataSet/Data/CAP3_R017_C7,,,numeric,textfield,,,0,0,0,0,0,0,0,129,0,,,,table number,0,0,15,0,,0,,
CAP3_R017_C8,Rînd. 017 col.8,dec/DataSet/Data/CAP3_R017_C8,,,numeric,textfield,,,0,0,0,0,0,0,0,130,0,,,,table number,0,0,15,0,,0,,
CAP3_R017_C9,Rînd. 017 col.9,dec/DataSet/Data/CAP3_R017_C9,,,numeric,textfield,,,0,0,0,0,0,0,0,131,0,,,,table number,0,0,15,0,,0,,
CAP3_R017_C10,Rînd. 017 col.10,dec/DataSet/Data/CAP3_R017_C10,,,numeric,textfield,,,0,0,0,0,0,0,0,132,0,,,,table number,0,0,15,0,,0,,
CAP3_R017_C11,Rînd. 017 col.11,dec/DataSet/Data/CAP3_R017_C11,,,numeric,textfield,,,0,0,0,0,0,0,0,133,0,,,,table number,0,0,15,0,,0,,
CAP3_R017_C12,Rînd. 017 col.12,dec/DataSet/Data/CAP3_R017_C12,,,numeric,textfield,,,0,0,0,0,0,0,0,134,0,,,,table number,0,0,15,0,,0,,
CAP3_R017_C13,Rînd. 017 col.13,dec/DataSet/Data/CAP3_R017_C13,,,numeric,textfield,,,0,0,0,0,0,0,0,135,0,,,,table number,0,0,15,0,,0,,
CAP3_R017_C14,Rînd. 017 col.14,dec/DataSet/Data/CAP3_R017_C14,,,numeric,textfield,,,0,0,0,0,0,0,0,136,0,,,,table number,0,0,15,0,,0,,
CAP3_R017_C15,Rînd. 017 col.15,dec/DataSet/Data/CAP3_R017_C15,,,numeric,textfield,,,0,0,0,0,0,0,0,137,0,,,,table number,0,0,15,0,,0,,
CAP3_R017_C16,Rînd. 017 col.16,dec/DataSet/Data/CAP3_R017_C16,,,numeric,textfield,,,0,0,0,0,0,0,0,138,0,,,,table number,0,0,15,0,,0,,
CAP3_R018_C1,Rînd. 018 col.1,dec/DataSet/Data/CAP3_R018_C1,,,numeric,textfield,,,0,0,0,0,0,0,0,139,0,,,,table number,0,0,15,0,,0,,
CAP3_R018_C2,Rînd. 018 col.2,dec/DataSet/Data/CAP3_R018_C2,,,numeric,textfield,,,0,0,0,0,0,0,0,140,0,,,,table number,0,0,15,0,,0,,
CAP3_R018_C3,Rînd. 018 col.3,dec/DataSet/Data/CAP3_R018_C3,,,numeric,textfield,,,0,0,0,0,0,0,0,141,0,,,,table number,0,0,15,0,,0,,
CAP3_R018_C4,Rînd. 018 col.4,dec/DataSet/Data/CAP3_R018_C4,,,numeric,textfield,,,0,0,0,0,0,0,0,142,0,,,,table number,0,0,15,0,,0,,
CAP3_R018_C5,Rînd. 018 col.5,dec/DataSet/Data/CAP3_R018_C5,,,numeric,textfield,,,0,0,0,0,0,0,0,143,0,,,,table number,0,0,15,0,,0,,
CAP3_R018_C6,Rînd. 018 col.6,dec/DataSet/Data/CAP3_R018_C6,,,numeric,textfield,,,0,0,0,0,0,0,0,144,0,,,,table number,0,0,15,0,,0,,
CAP3_R018_C7,Rînd. 018 col.7,dec/DataSet/Data/CAP3_R018_C7,,,numeric,textfield,,,0,0,0,0,0,0,0,145,0,,,,table number,0,0,15,0,,0,,
CAP3_R018_C8,Rînd. 018 col.8,dec/DataSet/Data/CAP3_R018_C8,,,numeric,textfield,,,0,0,0,0,0,0,0,146,0,,,,table number,0,0,15,0,,0,,
CAP3_R018_C9,Rînd. 018 col.9,dec/DataSet/Data/CAP3_R018_C9,,,numeric,textfield,,,0,0,0,0,0,0,0,147,0,,,,table number,0,0,15,0,,0,,
CAP3_R018_C10,Rînd. 018 col.10,dec/DataSet/Data/CAP3_R018_C10,,,numeric,textfield,,,0,0,0,0,0,0,0,148,0,,,,table number,0,0,15,0,,0,,
CAP3_R018_C11,Rînd. 018 col.11,dec/DataSet/Data/CAP3_R018_C11,,,numeric,textfield,,,0,0,0,0,0,0,0,149,0,,,,table number,0,0,15,0,,0,,
CAP3_R018_C12,Rînd. 018 col.12,dec/DataSet/Data/CAP3_R018_C12,,,numeric,textfield,,,0,0,0,0,0,0,0,150,0,,,,table number,0,0,15,0,,0,,
CAP3_R018_C13,Rînd. 018 col.13,dec/DataSet/Data/CAP3_R018_C13,,,numeric,textfield,,,0,0,0,0,0,0,0,151,0,,,,table number,0,0,15,0,,0,,
CAP3_R018_C14,Rînd. 018 col.14,dec/DataSet/Data/CAP3_R018_C14,,,numeric,textfield,,,0,0,0,0,0,0,0,152,0,,,,table number,0,0,15,0,,0,,
CAP3_R018_C15,Rînd. 018 col.15,dec/DataSet/Data/CAP3_R018_C15,,,numeric,textfield,,,0,0,0,0,0,0,0,153,0,,,,table number,0,0,15,0,,0,,
CAP3_R018_C16,Rînd. 018 col.16,dec/DataSet/Data/CAP3_R018_C16,,,numeric,textfield,,,0,0,0,0,0,0,0,154,0,,,,table number,0,0,15,0,,0,,
CAP3_R020_C1,Rînd. 020 col.1,dec/DataSet/Data/CAP3_R020_C1,,,numeric,textfield,,,0,0,0,0,0,0,0,155,0,,,,table number,0,0,15,0,,0,,
CAP3_R020_C2,Rînd. 020 col.2,dec/DataSet/Data/CAP3_R020_C2,,,numeric,textfield,,,0,0,0,0,0,0,0,156,0,,,,table number,0,0,15,0,,0,,
CAP3_R020_C3,Rînd. 020 col.3,dec/DataSet/Data/CAP3_R020_C3,,,numeric,textfield,,,0,0,0,0,0,0,0,157,0,,,,table number,0,0,15,0,,0,,
CAP3_R020_C4,Rînd. 020 col.4,dec/DataSet/Data/CAP3_R020_C4,,,numeric,textfield,,,0,0,0,0,0,0,0,158,0,,,,table number,0,0,15,0,,0,,
CAP3_R020_C5,Rînd. 020 col.5,dec/DataSet/Data/CAP3_R020_C5,,,numeric,textfield,,,0,0,0,0,0,0,0,159,0,,,,table number,0,0,15,0,,0,,
CAP3_R020_C6,Rînd. 020 col.6,dec/DataSet/Data/CAP3_R020_C6,,,numeric,textfield,,,0,0,0,0,0,0,0,160,0,,,,table number,0,0,15,0,,0,,
CAP3_R020_C7,Rînd. 020 col.7,dec/DataSet/Data/CAP3_R020_C7,,,numeric,textfield,,,0,0,0,0,0,0,0,161,0,,,,table number,0,0,15,0,,0,,
CAP3_R020_C8,Rînd. 020 col.8,dec/DataSet/Data/CAP3_R020_C8,,,numeric,textfield,,,0,0,0,0,0,0,0,162,0,,,,table number,0,0,15,0,,0,,
CAP3_R020_C9,Rînd. 020 col.9,dec/DataSet/Data/CAP3_R020_C9,,,numeric,textfield,,,0,0,0,0,0,0,0,163,0,,,,table number,0,0,15,0,,0,,
CAP3_R020_C10,Rînd. 020 col.10,dec/DataSet/Data/CAP3_R020_C10,,,numeric,textfield,,,0,0,0,0,0,0,0,164,0,,,,table number,0,0,15,0,,0,,
CAP3_R020_C11,Rînd. 020 col.11,dec/DataSet/Data/CAP3_R020_C11,,,numeric,textfield,,,0,0,0,0,0,0,0,165,0,,,,table number,0,0,15,0,,0,,
CAP3_R020_C12,Rînd. 020 col.12,dec/DataSet/Data/CAP3_R020_C12,,,numeric,textfield,,,0,0,0,0,0,0,0,166,0,,,,table number,0,0,15,0,,0,,
CAP3_R020_C13,Rînd. 020 col.13,dec/DataSet/Data/CAP3_R020_C13,,,numeric,textfield,,,0,0,0,0,0,0,0,167,0,,,,table number,0,0,15,0,,0,,
CAP3_R020_C14,Rînd. 020 col.14,dec/DataSet/Data/CAP3_R020_C14,,,numeric,textfield,,,0,0,0,0,0,0,0,168,0,,,,table number,0,0,15,0,,0,,
CAP3_R020_C15,Rînd. 020 col.15,dec/DataSet/Data/CAP3_R020_C15,,,numeric,textfield,,,0,0,0,0,0,0,0,169,0,,,,table number,0,0,15,0,,0,,
CAP3_R020_C16,Rînd. 020 col.16,dec/DataSet/Data/CAP3_R020_C16,,,numeric,textfield,,,0,0,0,0,0,0,0,170,0,,,,table number,0,0,15,0,,0,,
CAP3_R030_C1,Rînd. 030 col.1,dec/DataSet/Data/CAP3_R030_C1,,,numeric,textfield,,,0,0,0,0,0,0,0,171,0,,,,table number,0,0,15,0,,0,,
CAP3_R030_C2,Rînd. 030 col.2,dec/DataSet/Data/CAP3_R030_C2,,,numeric,textfield,,,0,0,0,0,0,0,0,172,0,,,,table number,0,0,15,0,,0,,
CAP3_R030_C3,Rînd. 030 col.3,dec/DataSet/Data/CAP3_R030_C3,,,numeric,textfield,,,0,0,0,0,0,0,0,173,0,,,,table number,0,0,15,0,,0,,
CAP3_R030_C4,Rînd. 030 col.4,dec/DataSet/Data/CAP3_R030_C4,,,numeric,textfield,,,0,0,0,0,0,0,0,174,0,,,,table number,0,0,15,0,,0,,
CAP3_R030_C5,Rînd. 030 col.5,dec/DataSet/Data/CAP3_R030_C5,,,numeric,textfield,,,0,0,0,0,0,0,0,175,0,,,,table number,0,0,15,0,,0,,
CAP3_R030_C6,Rînd. 030 col.6,dec/DataSet/Data/CAP3_R030_C6,,,numeric,textfield,,,0,0,0,0,0,0,0,176,0,,,,table number,0,0,15,0,,0,,
CAP3_R030_C7,Rînd. 030 col.7,dec/DataSet/Data/CAP3_R030_C7,,,numeric,textfield,,,0,0,0,0,0,0,0,177,0,,,,table number,0,0,15,0,,0,,
CAP3_R030_C8,Rînd. 030 col.8,dec/DataSet/Data/CAP3_R030_C8,,,numeric,textfield,,,0,0,0,0,0,0,0,178,0,,,,table number,0,0,15,0,,0,,
CAP3_R030_C9,Rînd. 030 col.9,dec/DataSet/Data/CAP3_R030_C9,,,numeric,textfield,,,0,0,0,0,0,0,0,179,0,,,,table number,0,0,15,0,,0,,
CAP3_R030_C10,Rînd. 030 col.10,dec/DataSet/Data/CAP3_R030_C10,,,numeric,textfield,,,0,0,0,0,0,0,0,180,0,,,,table number,0,0,15,0,,0,,
CAP3_R030_C11,Rînd. 030 col.11,dec/DataSet/Data/CAP3_R030_C11,,,numeric,textfield,,,0,0,0,0,0,0,0,181,0,,,,table number,0,0,15,0,,0,,
CAP3_R030_C12,Rînd. 030 col.12,dec/DataSet/Data/CAP3_R030_C12,,,numeric,textfield,,,0,0,0,0,0,0,0,182,0,,,,table number,0,0,15,0,,0,,
CAP3_R030_C13,Rînd. 030 col.13,dec/DataSet/Data/CAP3_R030_C13,,,numeric,textfield,,,0,0,0,0,0,0,0,183,0,,,,table number,0,0,15,0,,0,,
CAP3_R030_C14,Rînd. 030 col.14,dec/DataSet/Data/CAP3_R030_C14,,,numeric,textfield,,,0,0,0,0,0,0,0,184,0,,,,table number,0,0,15,0,,0,,
CAP3_R030_C15,Rînd. 030 col.15,dec/DataSet/Data/CAP3_R030_C15,,,numeric,textfield,,,0,0,0,0,0,0,0,185,0,,,,table number,0,0,15,0,,0,,
CAP3_R030_C16,Rînd. 030 col.16,dec/DataSet/Data/CAP3_R030_C16,,,numeric,textfield,,,0,0,0,0,0,0,0,186,0,,,,table number,0,0,15,0,,0,,
CAP3_R040_C1,Rînd. 040 col.1,dec/DataSet/Data/CAP3_R040_C1,,,numeric,textfield,,,0,0,0,0,0,0,0,187,0,,,,table number,0,0,15,0,,0,,
CAP3_R040_C2,Rînd. 040 col.2,dec/DataSet/Data/CAP3_R040_C2,,,numeric,textfield,,,0,0,0,0,0,0,0,188,0,,,,table number,0,0,15,0,,0,,
CAP3_R040_C3,Rînd. 040 col.3,dec/DataSet/Data/CAP3_R040_C3,,,numeric,textfield,,,0,0,0,0,0,0,0,189,0,,,,table number,0,0,15,0,,0,,
CAP3_R040_C4,Rînd. 040 col.4,dec/DataSet/Data/CAP3_R040_C4,,,numeric,textfield,,,0,0,0,0,0,0,0,190,0,,,,table number,0,0,15,0,,0,,
CAP3_R040_C5,Rînd. 040 col.5,dec/DataSet/Data/CAP3_R040_C5,,,numeric,textfield,,,0,0,0,0,0,0,0,191,0,,,,table number,0,0,15,0,,0,,
CAP3_R040_C6,Rînd. 040 col.6,dec/DataSet/Data/CAP3_R040_C6,,,numeric,textfield,,,0,0,0,0,0,0,0,192,0,,,,table number,0,0,15,0,,0,,
CAP3_R040_C7,Rînd. 040 col.7,dec/DataSet/Data/CAP3_R040_C7,,,numeric,textfield,,,0,0,0,0,0,0,0,193,0,,,,table number,0,0,15,0,,0,,
CAP3_R040_C8,Rînd. 040 col.8,dec/DataSet/Data/CAP3_R040_C8,,,numeric,textfield,,,0,0,0,0,0,0,0,194,0,,,,table number,0,0,15,0,,0,,
CAP3_R040_C9,Rînd. 040 col.9,dec/DataSet/Data/CAP3_R040_C9,,,numeric,textfield,,,0,0,0,0,0,0,0,195,0,,,,table number,0,0,15,0,,0,,
CAP3_R040_C10,Rînd. 040 col.10,dec/DataSet/Data/CAP3_R040_C10,,,numeric,textfield,,,0,0,0,0,0,0,0,196,0,,,,table number,0,0,15,0,,0,,
CAP3_R040_C11,Rînd. 040 col.11,dec/DataSet/Data/CAP3_R040_C11,,,numeric,textfield,,,0,0,0,0,0,0,0,197,0,,,,table number,0,0,15,0,,0,,
CAP3_R040_C12,Rînd. 040 col.12,dec/DataSet/Data/CAP3_R040_C12,,,numeric,textfield,,,0,0,0,0,0,0,0,198,0,,,,table number,0,0,15,0,,0,,
CAP3_R040_C13,Rînd. 040 col.13,dec/DataSet/Data/CAP3_R040_C13,,,numeric,textfield,,,0,0,0,0,0,0,0,199,0,,,,table number,0,0,15,0,,0,,
CAP3_R040_C14,Rînd. 040 col.14,dec/DataSet/Data/CAP3_R040_C14,,,numeric,textfield,,,0,0,0,0,0,0,0,200,0,,,,table number,0,0,15,0,,0,,
CAP3_R040_C15,Rînd. 040 col.15,dec/DataSet/Data/CAP3_R040_C15,,,numeric,textfield,,,0,0,0,0,0,0,0,201,0,,,,table number,0,0,15,0,,0,,
CAP3_R040_C16,Rînd. 040 col.16,dec/DataSet/Data/CAP3_R040_C16,,,numeric,textfield,,,0,0,0,0,0,0,0,202,0,,,,table number,0,0,15,0,,0,,
CAP3_R050_C1,Rînd. 050 col.1,dec/DataSet/Data/CAP3_R050_C1,,,numeric,textfield,,,0,0,0,0,0,0,0,203,0,,,,table number,0,0,15,0,,0,,
CAP3_R050_C2,Rînd. 050 col.2,dec/DataSet/Data/CAP3_R050_C2,,,numeric,textfield,,,0,0,0,0,0,0,0,204,0,,,,table number,0,0,15,0,,0,,
CAP3_R050_C3,Rînd. 050 col.3,dec/DataSet/Data/CAP3_R050_C3,,,numeric,textfield,,,0,0,0,0,0,0,0,205,0,,,,table number,0,0,15,0,,0,,
CAP3_R050_C4,Rînd. 050 col.4,dec/DataSet/Data/CAP3_R050_C4,,,numeric,textfield,,,0,0,0,0,0,0,0,206,0,,,,table number,0,0,15,0,,0,,
CAP3_R050_C5,Rînd. 050 col.5,dec/DataSet/Data/CAP3_R050_C5,,,numeric,textfield,,,0,0,0,0,0,0,0,207,0,,,,table number,0,0,15,0,,0,,
CAP3_R050_C6,Rînd. 050 col.6,dec/DataSet/Data/CAP3_R050_C6,,,numeric,textfield,,,0,0,0,0,0,0,0,208,0,,,,table number,0,0,15,0,,0,,
CAP3_R050_C7,Rînd. 050 col.7,dec/DataSet/Data/CAP3_R050_C7,,,numeric,textfield,,,0,0,0,0,0,0,0,209,0,,,,table number,0,0,15,0,,0,,
CAP3_R050_C8,Rînd. 050 col.8,dec/DataSet/Data/CAP3_R050_C8,,,numeric,textfield,,,0,0,0,0,0,0,0,210,0,,,,table number,0,0,15,0,,0,,
CAP3_R050_C9,Rînd. 050 col.9,dec/DataSet/Data/CAP3_R050_C9,,,numeric,textfield,,,0,0,0,0,0,0,0,211,0,,,,table number,0,0,15,0,,0,,
CAP3_R050_C10,Rînd. 050 col.10,dec/DataSet/Data/CAP3_R050_C10,,,numeric,textfield,,,0,0,0,0,0,0,0,212,0,,,,table number,0,0,15,0,,0,,
CAP3_R050_C11,Rînd. 050 col.11,dec/DataSet/Data/CAP3_R050_C11,,,numeric,textfield,,,0,0,0,0,0,0,0,213,0,,,,table number,0,0,15,0,,0,,
CAP3_R050_C12,Rînd. 050 col.12,dec/DataSet/Data/CAP3_R050_C12,,,numeric,textfield,,,0,0,0,0,0,0,0,214,0,,,,table number,0,0,15,0,,0,,
CAP3_R050_C13,Rînd. 050 col.13,dec/DataSet/Data/CAP3_R050_C13,,,numeric,textfield,,,0,0,0,0,0,0,0,215,0,,,,table number,0,0,15,0,,0,,
CAP3_R050_C14,Rînd. 050 col.14,dec/DataSet/Data/CAP3_R050_C14,,,numeric,textfield,,,0,0,0,0,0,0,0,216,0,,,,table number,0,0,15,0,,0,,
CAP3_R050_C15,Rînd. 050 col.15,dec/DataSet/Data/CAP3_R050_C15,,,numeric,textfield,,,0,0,0,0,0,0,0,217,0,,,,table number,0,0,15,0,,0,,
CAP3_R050_C16,Rînd. 050 col.16,dec/DataSet/Data/CAP3_R050_C16,,,numeric,textfield,,,0,0,0,0,0,0,0,218,0,,,,table number,0,0,15,0,,0,,
CAP3_R060_C1,Rînd. 060 col.1,dec/DataSet/Data/CAP3_R060_C1,,,numeric,textfield,,,0,0,0,0,0,0,0,219,0,,,,table number,0,0,15,0,,0,,
CAP3_R060_C2,Rînd. 060 col.2,dec/DataSet/Data/CAP3_R060_C2,,,numeric,textfield,,,0,0,0,0,0,0,0,220,0,,,,table number,0,0,15,0,,0,,
CAP3_R060_C3,Rînd. 060 col.3,dec/DataSet/Data/CAP3_R060_C3,,,numeric,textfield,,,0,0,0,0,0,0,0,221,0,,,,table number,0,0,15,0,,0,,
CAP3_R060_C4,Rînd. 060 col.4,dec/DataSet/Data/CAP3_R060_C4,,,numeric,textfield,,,0,0,0,0,0,0,0,222,0,,,,table number,0,0,15,0,,0,,
CAP3_R060_C5,Rînd. 060 col.5,dec/DataSet/Data/CAP3_R060_C5,,,numeric,textfield,,,0,0,0,0,0,0,0,223,0,,,,table number,0,0,15,0,,0,,
CAP3_R060_C6,Rînd. 060 col.6,dec/DataSet/Data/CAP3_R060_C6,,,numeric,textfield,,,0,0,0,0,0,0,0,224,0,,,,table number,0,0,15,0,,0,,
CAP3_R060_C7,Rînd. 060 col.7,dec/DataSet/Data/CAP3_R060_C7,,,numeric,textfield,,,0,0,0,0,0,0,0,225,0,,,,table number,0,0,15,0,,0,,
CAP3_R060_C8,Rînd. 060 col.8,dec/DataSet/Data/CAP3_R060_C8,,,numeric,textfield,,,0,0,0,0,0,0,0,226,0,,,,table number,0,0,15,0,,0,,
CAP3_R060_C9,Rînd. 060 col.9,dec/DataSet/Data/CAP3_R060_C9,,,numeric,textfield,,,0,0,0,0,0,0,0,227,0,,,,table number,0,0,15,0,,0,,
CAP3_R060_C10,Rînd. 060 col.10,dec/DataSet/Data/CAP3_R060_C10,,,numeric,textfield,,,0,0,0,0,0,0,0,228,0,,,,table number,0,0,15,0,,0,,
CAP3_R060_C11,Rînd. 060 col.11,dec/DataSet/Data/CAP3_R060_C11,,,numeric,textfield,,,0,0,0,0,0,0,0,229,0,,,,table number,0,0,15,0,,0,,
CAP3_R060_C12,Rînd. 060 col.12,dec/DataSet/Data/CAP3_R060_C12,,,numeric,textfield,,,0,0,0,0,0,0,0,230,0,,,,table number,0,0,15,0,,0,,
CAP3_R060_C13,Rînd. 060 col.13,dec/DataSet/Data/CAP3_R060_C13,,,numeric,textfield,,,0,0,0,0,0,0,0,231,0,,,,table number,0,0,15,0,,0,,
CAP3_R060_C14,Rînd. 060 col.14,dec/DataSet/Data/CAP3_R060_C14,,,numeric,textfield,,,0,0,0,0,0,0,0,232,0,,,,table number,0,0,15,0,,0,,
CAP3_R060_C15,Rînd. 060 col.15,dec/DataSet/Data/CAP3_R060_C15,,,numeric,textfield,,,0,0,0,0,0,0,0,233,0,,,,table number,0,0,15,0,,0,,
CAP3_R060_C16,Rînd. 060 col.16,dec/DataSet/Data/CAP3_R060_C16,,,numeric,textfield,,,0,0,0,0,0,0,0,234,0,,,,table number,0,0,15,0,,0,,
CAP3_R061_C1,Rînd. 061 col.1,dec/DataSet/Data/CAP3_R061_C1,,,numeric,textfield,,,0,0,0,0,0,0,0,235,0,,,,table number,0,0,15,0,,0,,
CAP3_R061_C2,Rînd. 061 col.2,dec/DataSet/Data/CAP3_R061_C2,,,numeric,textfield,,,0,0,0,0,0,0,0,236,0,,,,table number,0,0,15,0,,0,,
CAP3_R061_C3,Rînd. 061 col.3,dec/DataSet/Data/CAP3_R061_C3,,,numeric,textfield,,,0,0,0,0,0,0,0,237,0,,,,table number,0,0,15,0,,0,,
CAP3_R061_C4,Rînd. 061 col.4,dec/DataSet/Data/CAP3_R061_C4,,,numeric,textfield,,,0,0,0,0,0,0,0,238,0,,,,table number,0,0,15,0,,0,,
CAP3_R061_C5,Rînd. 061 col.5,dec/DataSet/Data/CAP3_R061_C5,,,numeric,textfield,,,0,0,0,0,0,0,0,239,0,,,,table number,0,0,15,0,,0,,
CAP3_R061_C6,Rînd. 061 col.6,dec/DataSet/Data/CAP3_R061_C6,,,numeric,textfield,,,0,0,0,0,0,0,0,240,0,,,,table number,0,0,15,0,,0,,
CAP3_R061_C7,Rînd. 061 col.7,dec/DataSet/Data/CAP3_R061_C7,,,numeric,textfield,,,0,0,0,0,0,0,0,241,0,,,,table number,0,0,15,0,,0,,
CAP3_R061_C8,Rînd. 061 col.8,dec/DataSet/Data/CAP3_R061_C8,,,numeric,textfield,,,0,0,0,0,0,0,0,242,0,,,,table number,0,0,15,0,,0,,
CAP3_R061_C9,Rînd. 061 col.9,dec/DataSet/Data/CAP3_R061_C9,,,numeric,textfield,,,0,0,0,0,0,0,0,243,0,,,,table number,0,0,15,0,,0,,
CAP3_R061_C10,Rînd. 061 col.10,dec/DataSet/Data/CAP3_R061_C10,,,numeric,textfield,,,0,0,0,0,0,0,0,244,0,,,,table number,0,0,15,0,,0,,
CAP3_R061_C11,Rînd. 061 col.11,dec/DataSet/Data/CAP3_R061_C11,,,numeric,textfield,,,0,0,0,0,0,0,0,245,0,,,,table number,0,0,15,0,,0,,
CAP3_R061_C12,Rînd. 061 col.12,dec/DataSet/Data/CAP3_R061_C12,,,numeric,textfield,,,0,0,0,0,0,0,0,246,0,,,,table number,0,0,15,0,,0,,
CAP3_R061_C13,Rînd. 061 col.13,dec/DataSet/Data/CAP3_R061_C13,,,numeric,textfield,,,0,0,0,0,0,0,0,247,0,,,,table number,0,0,15,0,,0,,
CAP3_R061_C14,Rînd. 061 col.14,dec/DataSet/Data/CAP3_R061_C14,,,numeric,textfield,,,0,0,0,0,0,0,0,248,0,,,,table number,0,0,15,0,,0,,
CAP3_R061_C15,Rînd. 061 col.15,dec/DataSet/Data/CAP3_R061_C15,,,numeric,textfield,,,0,0,0,0,0,0,0,249,0,,,,table number,0,0,15,0,,0,,
CAP3_R061_C16,Rînd. 061 col.16,dec/DataSet/Data/CAP3_R061_C16,,,numeric,textfield,,,0,0,0,0,0,0,0,250,0,,,,table number,0,0,15,0,,0,,
CAP3_R062_C1,Rînd. 062 col.1,dec/DataSet/Data/CAP3_R062_C1,,,numeric,textfield,,,0,0,0,0,0,0,0,251,0,,,,table number,0,0,15,0,,0,,
CAP3_R062_C2,Rînd. 062 col.2,dec/DataSet/Data/CAP3_R062_C2,,,numeric,textfield,,,0,0,0,0,0,0,0,252,0,,,,table number,0,0,15,0,,0,,
CAP3_R062_C3,Rînd. 062 col.3,dec/DataSet/Data/CAP3_R062_C3,,,numeric,textfield,,,0,0,0,0,0,0,0,253,0,,,,table number,0,0,15,0,,0,,
CAP3_R062_C4,Rînd. 062 col.4,dec/DataSet/Data/CAP3_R062_C4,,,numeric,textfield,,,0,0,0,0,0,0,0,254,0,,,,table number,0,0,15,0,,0,,
CAP3_R062_C5,Rînd. 062 col.5,dec/DataSet/Data/CAP3_R062_C5,,,numeric,textfield,,,0,0,0,0,0,0,0,255,0,,,,table number,0,0,15,0,,0,,
CAP3_R062_C6,Rînd. 062 col.6,dec/DataSet/Data/CAP3_R062_C6,,,numeric,textfield,,,0,0,0,0,0,0,0,256,0,,,,table number,0,0,15,0,,0,,
CAP3_R062_C7,Rînd. 062 col.7,dec/DataSet/Data/CAP3_R062_C7,,,numeric,textfield,,,0,0,0,0,0,0,0,257,0,,,,table number,0,0,15,0,,0,,
CAP3_R062_C8,Rînd. 062 col.8,dec/DataSet/Data/CAP3_R062_C8,,,numeric,textfield,,,0,0,0,0,0,0,0,258,0,,,,table number,0,0,15,0,,0,,
CAP3_R062_C9,Rînd. 062 col.9,dec/DataSet/Data/CAP3_R062_C9,,,numeric,textfield,,,0,0,0,0,0,0,0,259,0,,,,table number,0,0,15,0,,0,,
CAP3_R062_C10,Rînd. 062 col.10,dec/DataSet/Data/CAP3_R062_C10,,,numeric,textfield,,,0,0,0,0,0,0,0,260,0,,,,table number,0,0,15,0,,0,,
CAP3_R062_C11,Rînd. 062 col.11,dec/DataSet/Data/CAP3_R062_C11,,,numeric,textfield,,,0,0,0,0,0,0,0,261,0,,,,table number,0,0,15,0,,0,,
CAP3_R062_C12,Rînd. 062 col.12,dec/DataSet/Data/CAP3_R062_C12,,,numeric,textfield,,,0,0,0,0,0,0,0,262,0,,,,table number,0,0,15,0,,0,,
CAP3_R062_C13,Rînd. 062 col.13,dec/DataSet/Data/CAP3_R062_C13,,,numeric,textfield,,,0,0,0,0,0,0,0,263,0,,,,table number,0,0,15,0,,0,,
CAP3_R062_C14,Rînd. 062 col.14,dec/DataSet/Data/CAP3_R062_C14,,,numeric,textfield,,,0,0,0,0,0,0,0,264,0,,,,table number,0,0,15,0,,0,,
CAP3_R062_C15,Rînd. 062 col.15,dec/DataSet/Data/CAP3_R062_C15,,,numeric,textfield,,,0,0,0,0,0,0,0,265,0,,,,table number,0,0,15,0,,0,,
CAP3_R062_C16,Rînd. 062 col.16,dec/DataSet/Data/CAP3_R062_C16,,,numeric,textfield,,,0,0,0,0,0,0,0,266,0,,,,table number,0,0,15,0,,0,,
CAP3_R063_C1,Rînd. 063 col.1,dec/DataSet/Data/CAP3_R063_C1,,,numeric,textfield,,,0,0,0,0,0,0,0,267,0,,,,table number,0,0,15,0,,0,,
CAP3_R063_C2,Rînd. 063 col.2,dec/DataSet/Data/CAP3_R063_C2,,,numeric,textfield,,,0,0,0,0,0,0,0,268,0,,,,table number,0,0,15,0,,0,,
CAP3_R063_C3,Rînd. 063 col.3,dec/DataSet/Data/CAP3_R063_C3,,,numeric,textfield,,,0,0,0,0,0,0,0,269,0,,,,table number,0,0,15,0,,0,,
CAP3_R063_C4,Rînd. 063 col.4,dec/DataSet/Data/CAP3_R063_C4,,,numeric,textfield,,,0,0,0,0,0,0,0,270,0,,,,table number,0,0,15,0,,0,,
CAP3_R063_C5,Rînd. 063 col.5,dec/DataSet/Data/CAP3_R063_C5,,,numeric,textfield,,,0,0,0,0,0,0,0,271,0,,,,table number,0,0,15,0,,0,,
CAP3_R063_C6,Rînd. 063 col.6,dec/DataSet/Data/CAP3_R063_C6,,,numeric,textfield,,,0,0,0,0,0,0,0,272,0,,,,table number,0,0,15,0,,0,,
CAP3_R063_C7,Rînd. 063 col.7,dec/DataSet/Data/CAP3_R063_C7,,,numeric,textfield,,,0,0,0,0,0,0,0,273,0,,,,table number,0,0,15,0,,0,,
CAP3_R063_C8,Rînd. 063 col.8,dec/DataSet/Data/CAP3_R063_C8,,,numeric,textfield,,,0,0,0,0,0,0,0,274,0,,,,table number,0,0,15,0,,0,,
CAP3_R063_C9,Rînd. 063 col.9,dec/DataSet/Data/CAP3_R063_C9,,,numeric,textfield,,,0,0,0,0,0,0,0,275,0,,,,table number,0,0,15,0,,0,,
CAP3_R063_C10,Rînd. 063 col.10,dec/DataSet/Data/CAP3_R063_C10,,,numeric,textfield,,,0,0,0,0,0,0,0,276,0,,,,table number,0,0,15,0,,0,,
CAP3_R063_C11,Rînd. 063 col.11,dec/DataSet/Data/CAP3_R063_C11,,,numeric,textfield,,,0,0,0,0,0,0,0,277,0,,,,table number,0,0,15,0,,0,,
CAP3_R063_C12,Rînd. 063 col.12,dec/DataSet/Data/CAP3_R063_C12,,,numeric,textfield,,,0,0,0,0,0,0,0,278,0,,,,table number,0,0,15,0,,0,,
CAP3_R063_C13,Rînd. 063 col.13,dec/DataSet/Data/CAP3_R063_C13,,,numeric,textfield,,,0,0,0,0,0,0,0,279,0,,,,table number,0,0,15,0,,0,,
CAP3_R063_C14,Rînd. 063 col.14,dec/DataSet/Data/CAP3_R063_C14,,,numeric,textfield,,,0,0,0,0,0,0,0,280,0,,,,table number,0,0,15,0,,0,,
CAP3_R063_C15,Rînd. 063 col.15,dec/DataSet/Data/CAP3_R063_C15,,,numeric,textfield,,,0,0,0,0,0,0,0,281,0,,,,table number,0,0,15,0,,0,,
CAP3_R063_C16,Rînd. 063 col.16,dec/DataSet/Data/CAP3_R063_C16,,,numeric,textfield,,,0,0,0,0,0,0,0,282,0,,,,table number,0,0,15,0,,0,,
CAP3_R070_C1,Rînd. 070 col.1,dec/DataSet/Data/CAP3_R070_C1,,,numeric,textfield,,,0,0,0,0,0,0,0,283,0,,,,table number,0,0,15,0,,0,,
CAP3_R070_C2,Rînd. 070 col.2,dec/DataSet/Data/CAP3_R070_C2,,,numeric,textfield,,,0,0,0,0,0,0,0,284,0,,,,table number,0,0,15,0,,0,,
CAP3_R070_C3,Rînd. 070 col.3,dec/DataSet/Data/CAP3_R070_C3,,,numeric,textfield,,,0,0,0,0,0,0,0,285,0,,,,table number,0,0,15,0,,0,,
CAP3_R070_C4,Rînd. 070 col.4,dec/DataSet/Data/CAP3_R070_C4,,,numeric,textfield,,,0,0,0,0,0,0,0,286,0,,,,table number,0,0,15,0,,0,,
CAP3_R070_C5,Rînd. 070 col.5,dec/DataSet/Data/CAP3_R070_C5,,,numeric,textfield,,,0,0,0,0,0,0,0,287,0,,,,table number,0,0,15,0,,0,,
CAP3_R070_C6,Rînd. 070 col.6,dec/DataSet/Data/CAP3_R070_C6,,,numeric,textfield,,,0,0,0,0,0,0,0,288,0,,,,table number,0,0,15,0,,0,,
CAP3_R070_C7,Rînd. 070 col.7,dec/DataSet/Data/CAP3_R070_C7,,,numeric,textfield,,,0,0,0,0,0,0,0,289,0,,,,table number,0,0,15,0,,0,,
CAP3_R070_C8,Rînd. 070 col.8,dec/DataSet/Data/CAP3_R070_C8,,,numeric,textfield,,,0,0,0,0,0,0,0,290,0,,,,table number,0,0,15,0,,0,,
CAP3_R070_C9,Rînd. 070 col.9,dec/DataSet/Data/CAP3_R070_C9,,,numeric,textfield,,,0,0,0,0,0,0,0,291,0,,,,table number,0,0,15,0,,0,,
CAP3_R070_C10,Rînd. 070 col.10,dec/DataSet/Data/CAP3_R070_C10,,,numeric,textfield,,,0,0,0,0,0,0,0,292,0,,,,table number,0,0,15,0,,0,,
CAP3_R070_C11,Rînd. 070 col.11,dec/DataSet/Data/CAP3_R070_C11,,,numeric,textfield,,,0,0,0,0,0,0,0,293,0,,,,table number,0,0,15,0,,0,,
CAP3_R070_C12,Rînd. 070 col.12,dec/DataSet/Data/CAP3_R070_C12,,,numeric,textfield,,,0,0,0,0,0,0,0,294,0,,,,table number,0,0,15,0,,0,,
CAP3_R070_C13,Rînd. 070 col.13,dec/DataSet/Data/CAP3_R070_C13,,,numeric,textfield,,,0,0,0,0,0,0,0,295,0,,,,table number,0,0,15,0,,0,,
CAP3_R070_C14,Rînd. 070 col.14,dec/DataSet/Data/CAP3_R070_C14,,,numeric,textfield,,,0,0,0,0,0,0,0,296,0,,,,table number,0,0,15,0,,0,,
CAP3_R070_C15,Rînd. 070 col.15,dec/DataSet/Data/CAP3_R070_C15,,,numeric,textfield,,,0,0,0,0,0,0,0,297,0,,,,table number,0,0,15,0,,0,,
CAP3_R070_C16,Rînd. 070 col.16,dec/DataSet/Data/CAP3_R070_C16,,,numeric,textfield,,,0,0,0,0,0,0,0,298,0,,,,table number,0,0,15,0,,0,,
CAP3_R080_C1,Rînd. 080 col.1,dec/DataSet/Data/CAP3_R080_C1,,,numeric,textfield,,,0,0,0,0,0,0,0,299,0,,,,table number,0,0,15,0,,0,,
CAP3_R080_C2,Rînd. 080 col.2,dec/DataSet/Data/CAP3_R080_C2,,,numeric,textfield,,,0,0,0,0,0,0,0,300,0,,,,table number,0,0,15,0,,0,,
CAP3_R080_C3,Rînd. 080 col.3,dec/DataSet/Data/CAP3_R080_C3,,,numeric,textfield,,,0,0,0,0,0,0,0,301,0,,,,table number,0,0,15,0,,0,,
CAP3_R080_C4,Rînd. 080 col.4,dec/DataSet/Data/CAP3_R080_C4,,,numeric,textfield,,,0,0,0,0,0,0,0,302,0,,,,table number,0,0,15,0,,0,,
CAP3_R080_C5,Rînd. 080 col.5,dec/DataSet/Data/CAP3_R080_C5,,,numeric,textfield,,,0,0,0,0,0,0,0,303,0,,,,table number,0,0,15,0,,0,,
CAP3_R080_C6,Rînd. 080 col.6,dec/DataSet/Data/CAP3_R080_C6,,,numeric,textfield,,,0,0,0,0,0,0,0,304,0,,,,table number,0,0,15,0,,0,,
CAP3_R080_C7,Rînd. 080 col.7,dec/DataSet/Data/CAP3_R080_C7,,,numeric,textfield,,,0,0,0,0,0,0,0,305,0,,,,table number,0,0,15,0,,0,,
CAP3_R080_C8,Rînd. 080 col.8,dec/DataSet/Data/CAP3_R080_C8,,,numeric,textfield,,,0,0,0,0,0,0,0,306,0,,,,table number,0,0,15,0,,0,,
CAP3_R080_C9,Rînd. 080 col.9,dec/DataSet/Data/CAP3_R080_C9,,,numeric,textfield,,,0,0,0,0,0,0,0,307,0,,,,table number,0,0,15,0,,0,,
CAP3_R080_C10,Rînd. 080 col.10,dec/DataSet/Data/CAP3_R080_C10,,,numeric,textfield,,,0,0,0,0,0,0,0,308,0,,,,table number,0,0,15,0,,0,,
CAP3_R080_C11,Rînd. 080 col.11,dec/DataSet/Data/CAP3_R080_C11,,,numeric,textfield,,,0,0,0,0,0,0,0,309,0,,,,table number,0,0,15,0,,0,,
CAP3_R080_C12,Rînd. 080 col.12,dec/DataSet/Data/CAP3_R080_C12,,,numeric,textfield,,,0,0,0,0,0,0,0,310,0,,,,table number,0,0,15,0,,0,,
CAP3_R080_C13,Rînd. 080 col.13,dec/DataSet/Data/CAP3_R080_C13,,,numeric,textfield,,,0,0,0,0,0,0,0,311,0,,,,table number,0,0,15,0,,0,,
CAP3_R080_C14,Rînd. 080 col.14,dec/DataSet/Data/CAP3_R080_C14,,,numeric,textfield,,,0,0,0,0,0,0,0,312,0,,,,table number,0,0,15,0,,0,,
CAP3_R080_C15,Rînd. 080 col.15,dec/DataSet/Data/CAP3_R080_C15,,,numeric,textfield,,,0,0,0,0,0,0,0,313,0,,,,table number,0,0,15,0,,0,,
CAP3_R080_C16,Rînd. 080 col.16,dec/DataSet/Data/CAP3_R080_C16,,,numeric,textfield,,,0,0,0,0,0,0,0,314,0,,,,table number,0,0,15,0,,0,,
CAP3_R081_C1,Rînd. 081 col.1,dec/DataSet/Data/CAP3_R081_C1,,,numeric,textfield,,,0,0,0,0,0,0,0,315,0,,,,table number,0,0,15,0,,0,,
CAP3_R081_C2,Rînd. 081 col.2,dec/DataSet/Data/CAP3_R081_C2,,,numeric,textfield,,,0,0,0,0,0,0,0,316,0,,,,table number,0,0,15,0,,0,,
CAP3_R081_C3,Rînd. 081 col.3,dec/DataSet/Data/CAP3_R081_C3,,,numeric,textfield,,,0,0,0,0,0,0,0,317,0,,,,table number,0,0,15,0,,0,,
CAP3_R081_C4,Rînd. 081 col.4,dec/DataSet/Data/CAP3_R081_C4,,,numeric,textfield,,,0,0,0,0,0,0,0,318,0,,,,table number,0,0,15,0,,0,,
CAP3_R081_C5,Rînd. 081 col.5,dec/DataSet/Data/CAP3_R081_C5,,,numeric,textfield,,,0,0,0,0,0,0,0,319,0,,,,table number,0,0,15,0,,0,,
CAP3_R081_C6,Rînd. 081 col.6,dec/DataSet/Data/CAP3_R081_C6,,,numeric,textfield,,,0,0,0,0,0,0,0,320,0,,,,table number,0,0,15,0,,0,,
CAP3_R081_C7,Rînd. 081 col.7,dec/DataSet/Data/CAP3_R081_C7,,,numeric,textfield,,,0,0,0,0,0,0,0,321,0,,,,table number,0,0,15,0,,0,,
CAP3_R081_C8,Rînd. 081 col.8,dec/DataSet/Data/CAP3_R081_C8,,,numeric,textfield,,,0,0,0,0,0,0,0,322,0,,,,table number,0,0,15,0,,0,,
CAP3_R081_C9,Rînd. 081 col.9,dec/DataSet/Data/CAP3_R081_C9,,,numeric,textfield,,,0,0,0,0,0,0,0,323,0,,,,table number,0,0,15,0,,0,,
CAP3_R081_C10,Rînd. 081 col.10,dec/DataSet/Data/CAP3_R081_C10,,,numeric,textfield,,,0,0,0,0,0,0,0,324,0,,,,table number,0,0,15,0,,0,,
CAP3_R081_C11,Rînd. 081 col.11,dec/DataSet/Data/CAP3_R081_C11,,,numeric,textfield,,,0,0,0,0,0,0,0,325,0,,,,table number,0,0,15,0,,0,,
CAP3_R081_C12,Rînd. 081 col.12,dec/DataSet/Data/CAP3_R081_C12,,,numeric,textfield,,,0,0,0,0,0,0,0,326,0,,,,table number,0,0,15,0,,0,,
CAP3_R081_C13,Rînd. 081 col.13,dec/DataSet/Data/CAP3_R081_C13,,,numeric,textfield,,,0,0,0,0,0,0,0,327,0,,,,table number,0,0,15,0,,0,,
CAP3_R081_C14,Rînd. 081 col.14,dec/DataSet/Data/CAP3_R081_C14,,,numeric,textfield,,,0,0,0,0,0,0,0,328,0,,,,table number,0,0,15,0,,0,,
CAP3_R081_C15,Rînd. 081 col.15,dec/DataSet/Data/CAP3_R081_C15,,,numeric,textfield,,,0,0,0,0,0,0,0,329,0,,,,table number,0,0,15,0,,0,,
CAP3_R081_C16,Rînd. 081 col.16,dec/DataSet/Data/CAP3_R081_C16,,,numeric,textfield,,,0,0,0,0,0,0,0,330,0,,,,table number,0,0,15,0,,0,,
CAP3_R082_C1,Rînd. 082 col.1,dec/DataSet/Data/CAP3_R082_C1,,,numeric,textfield,,,0,0,0,0,0,0,0,331,0,,,,table number,0,0,15,0,,0,,
CAP3_R082_C2,Rînd. 082 col.2,dec/DataSet/Data/CAP3_R082_C2,,,numeric,textfield,,,0,0,0,0,0,0,0,332,0,,,,table number,0,0,15,0,,0,,
CAP3_R082_C3,Rînd. 082 col.3,dec/DataSet/Data/CAP3_R082_C3,,,numeric,textfield,,,0,0,0,0,0,0,0,333,0,,,,table number,0,0,15,0,,0,,
CAP3_R082_C4,Rînd. 082 col.4,dec/DataSet/Data/CAP3_R082_C4,,,numeric,textfield,,,0,0,0,0,0,0,0,334,0,,,,table number,0,0,15,0,,0,,
CAP3_R082_C5,Rînd. 082 col.5,dec/DataSet/Data/CAP3_R082_C5,,,numeric,textfield,,,0,0,0,0,0,0,0,335,0,,,,table number,0,0,15,0,,0,,
CAP3_R082_C6,Rînd. 082 col.6,dec/DataSet/Data/CAP3_R082_C6,,,numeric,textfield,,,0,0,0,0,0,0,0,336,0,,,,table number,0,0,15,0,,0,,
CAP3_R082_C7,Rînd. 082 col.7,dec/DataSet/Data/CAP3_R082_C7,,,numeric,textfield,,,0,0,0,0,0,0,0,337,0,,,,table number,0,0,15,0,,0,,
CAP3_R082_C8,Rînd. 082 col.8,dec/DataSet/Data/CAP3_R082_C8,,,numeric,textfield,,,0,0,0,0,0,0,0,338,0,,,,table number,0,0,15,0,,0,,
CAP3_R082_C9,Rînd. 082 col.9,dec/DataSet/Data/CAP3_R082_C9,,,numeric,textfield,,,0,0,0,0,0,0,0,339,0,,,,table number,0,0,15,0,,0,,
CAP3_R082_C10,Rînd. 082 col.10,dec/DataSet/Data/CAP3_R082_C10,,,numeric,textfield,,,0,0,0,0,0,0,0,340,0,,,,table number,0,0,15,0,,0,,
CAP3_R082_C11,Rînd. 082 col.11,dec/DataSet/Data/CAP3_R082_C11,,,numeric,textfield,,,0,0,0,0,0,0,0,341,0,,,,table number,0,0,15,0,,0,,
CAP3_R082_C12,Rînd. 082 col.12,dec/DataSet/Data/CAP3_R082_C12,,,numeric,textfield,,,0,0,0,0,0,0,0,342,0,,,,table number,0,0,15,0,,0,,
CAP3_R082_C13,Rînd. 082 col.13,dec/DataSet/Data/CAP3_R082_C13,,,numeric,textfield,,,0,0,0,0,0,0,0,343,0,,,,table number,0,0,15,0,,0,,
CAP3_R082_C14,Rînd. 082 col.14,dec/DataSet/Data/CAP3_R082_C14,,,numeric,textfield,,,0,0,0,0,0,0,0,344,0,,,,table number,0,0,15,0,,0,,
CAP3_R082_C15,Rînd. 082 col.15,dec/DataSet/Data/CAP3_R082_C15,,,numeric,textfield,,,0,0,0,0,0,0,0,345,0,,,,table number,0,0,15,0,,0,,
CAP3_R082_C16,Rînd. 082 col.16,dec/DataSet/Data/CAP3_R082_C16,,,numeric,textfield,,,0,0,0,0,0,0,0,346,0,,,,table number,0,0,15,0,,0,,
CAP3_R083_C1,Rînd. 083 col.1,dec/DataSet/Data/CAP3_R083_C1,,,numeric,textfield,,,0,0,0,0,0,0,0,347,0,,,,table number,0,0,15,0,,0,,
CAP3_R083_C2,Rînd. 083 col.2,dec/DataSet/Data/CAP3_R083_C2,,,numeric,textfield,,,0,0,0,0,0,0,0,348,0,,,,table number,0,0,15,0,,0,,
CAP3_R083_C3,Rînd. 083 col.3,dec/DataSet/Data/CAP3_R083_C3,,,numeric,textfield,,,0,0,0,0,0,0,0,349,0,,,,table number,0,0,15,0,,0,,
CAP3_R083_C4,Rînd. 083 col.4,dec/DataSet/Data/CAP3_R083_C4,,,numeric,textfield,,,0,0,0,0,0,0,0,350,0,,,,table number,0,0,15,0,,0,,
CAP3_R083_C5,Rînd. 083 col.5,dec/DataSet/Data/CAP3_R083_C5,,,numeric,textfield,,,0,0,0,0,0,0,0,351,0,,,,table number,0,0,15,0,,0,,
CAP3_R083_C6,Rînd. 083 col.6,dec/DataSet/Data/CAP3_R083_C6,,,numeric,textfield,,,0,0,0,0,0,0,0,352,0,,,,table number,0,0,15,0,,0,,
CAP3_R083_C7,Rînd. 083 col.7,dec/DataSet/Data/CAP3_R083_C7,,,numeric,textfield,,,0,0,0,0,0,0,0,353,0,,,,table number,0,0,15,0,,0,,
CAP3_R083_C8,Rînd. 083 col.8,dec/DataSet/Data/CAP3_R083_C8,,,numeric,textfield,,,0,0,0,0,0,0,0,354,0,,,,table number,0,0,15,0,,0,,
CAP3_R083_C9,Rînd. 083 col.9,dec/DataSet/Data/CAP3_R083_C9,,,numeric,textfield,,,0,0,0,0,0,0,0,355,0,,,,table number,0,0,15,0,,0,,
CAP3_R083_C10,Rînd. 083 col.10,dec/DataSet/Data/CAP3_R083_C10,,,numeric,textfield,,,0,0,0,0,0,0,0,356,0,,,,table number,0,0,15,0,,0,,
CAP3_R083_C11,Rînd. 083 col.11,dec/DataSet/Data/CAP3_R083_C11,,,numeric,textfield,,,0,0,0,0,0,0,0,357,0,,,,table number,0,0,15,0,,0,,
CAP3_R083_C12,Rînd. 083 col.12,dec/DataSet/Data/CAP3_R083_C12,,,numeric,textfield,,,0,0,0,0,0,0,0,358,0,,,,table number,0,0,15,0,,0,,
CAP3_R083_C13,Rînd. 083 col.13,dec/DataSet/Data/CAP3_R083_C13,,,numeric,textfield,,,0,0,0,0,0,0,0,359,0,,,,table number,0,0,15,0,,0,,
CAP3_R083_C14,Rînd. 083 col.14,dec/DataSet/Data/CAP3_R083_C14,,,numeric,textfield,,,0,0,0,0,0,0,0,360,0,,,,table number,0,0,15,0,,0,,
CAP3_R083_C15,Rînd. 083 col.15,dec/DataSet/Data/CAP3_R083_C15,,,numeric,textfield,,,0,0,0,0,0,0,0,361,0,,,,table number,0,0,15,0,,0,,
CAP3_R083_C16,Rînd. 083 col.16,dec/DataSet/Data/CAP3_R083_C16,,,numeric,textfield,,,0,0,0,0,0,0,0,362,0,,,,table number,0,0,15,0,,0,,
CAP3_R084_C1,Rînd. 084 col.1,dec/DataSet/Data/CAP3_R084_C1,,,numeric,textfield,,,0,0,0,0,0,0,0,363,0,,,,table number,0,0,15,0,,0,,
CAP3_R084_C2,Rînd. 084 col.2,dec/DataSet/Data/CAP3_R084_C2,,,numeric,textfield,,,0,0,0,0,0,0,0,364,0,,,,table number,0,0,15,0,,0,,
CAP3_R084_C3,Rînd. 084 col.3,dec/DataSet/Data/CAP3_R084_C3,,,numeric,textfield,,,0,0,0,0,0,0,0,365,0,,,,table number,0,0,15,0,,0,,
CAP3_R084_C4,Rînd. 084 col.4,dec/DataSet/Data/CAP3_R084_C4,,,numeric,textfield,,,0,0,0,0,0,0,0,366,0,,,,table number,0,0,15,0,,0,,
CAP3_R084_C5,Rînd. 084 col.5,dec/DataSet/Data/CAP3_R084_C5,,,numeric,textfield,,,0,0,0,0,0,0,0,367,0,,,,table number,0,0,15,0,,0,,
CAP3_R084_C6,Rînd. 084 col.6,dec/DataSet/Data/CAP3_R084_C6,,,numeric,textfield,,,0,0,0,0,0,0,0,368,0,,,,table number,0,0,15,0,,0,,
CAP3_R084_C7,Rînd. 084 col.7,dec/DataSet/Data/CAP3_R084_C7,,,numeric,textfield,,,0,0,0,0,0,0,0,369,0,,,,table number,0,0,15,0,,0,,
CAP3_R084_C8,Rînd. 084 col.8,dec/DataSet/Data/CAP3_R084_C8,,,numeric,textfield,,,0,0,0,0,0,0,0,370,0,,,,table number,0,0,15,0,,0,,
CAP3_R084_C9,Rînd. 084 col.9,dec/DataSet/Data/CAP3_R084_C9,,,numeric,textfield,,,0,0,0,0,0,0,0,371,0,,,,table number,0,0,15,0,,0,,
CAP3_R084_C10,Rînd. 084 col.10,dec/DataSet/Data/CAP3_R084_C10,,,numeric,textfield,,,0,0,0,0,0,0,0,372,0,,,,table number,0,0,15,0,,0,,
CAP3_R084_C11,Rînd. 084 col.11,dec/DataSet/Data/CAP3_R084_C11,,,numeric,textfield,,,0,0,0,0,0,0,0,373,0,,,,table number,0,0,15,0,,0,,
CAP3_R084_C12,Rînd. 084 col.12,dec/DataSet/Data/CAP3_R084_C12,,,numeric,textfield,,,0,0,0,0,0,0,0,374,0,,,,table number,0,0,15,0,,0,,
CAP3_R084_C13,Rînd. 084 col.13,dec/DataSet/Data/CAP3_R084_C13,,,numeric,textfield,,,0,0,0,0,0,0,0,375,0,,,,table number,0,0,15,0,,0,,
CAP3_R084_C14,Rînd. 084 col.14,dec/DataSet/Data/CAP3_R084_C14,,,numeric,textfield,,,0,0,0,0,0,0,0,376,0,,,,table number,0,0,15,0,,0,,
CAP3_R084_C15,Rînd. 084 col.15,dec/DataSet/Data/CAP3_R084_C15,,,numeric,textfield,,,0,0,0,0,0,0,0,377,0,,,,table number,0,0,15,0,,0,,
CAP3_R084_C16,Rînd. 084 col.16,dec/DataSet/Data/CAP3_R084_C16,,,numeric,textfield,,,0,0,0,0,0,0,0,378,0,,,,table number,0,0,15,0,,0,,
CAP3_R110_C1,Rînd. 110 col.1,dec/DataSet/Data/CAP3_R110_C1,,,numeric,textfield,,,0,0,0,0,0,0,0,379,0,,,,table number,0,0,15,0,,0,,
CAP3_R110_C2,Rînd. 110 col.2,dec/DataSet/Data/CAP3_R110_C2,,,numeric,textfield,,,0,0,0,0,0,0,0,380,0,,,,table number,0,0,15,0,,0,,
CAP3_R110_C3,Rînd. 110 col.3,dec/DataSet/Data/CAP3_R110_C3,,,numeric,textfield,,,0,0,0,0,0,0,0,381,0,,,,table number,0,0,15,0,,0,,
CAP3_R110_C4,Rînd. 110 col.4,dec/DataSet/Data/CAP3_R110_C4,,,numeric,textfield,,,0,0,0,0,0,0,0,382,0,,,,table number,0,0,15,0,,0,,
CAP3_R110_C5,Rînd. 110 col.5,dec/DataSet/Data/CAP3_R110_C5,,,numeric,textfield,,,0,0,0,0,0,0,0,383,0,,,,table number,0,0,15,0,,0,,
CAP3_R110_C6,Rînd. 110 col.6,dec/DataSet/Data/CAP3_R110_C6,,,numeric,textfield,,,0,0,0,0,0,0,0,384,0,,,,table number,0,0,15,0,,0,,
CAP3_R110_C7,Rînd. 110 col.7,dec/DataSet/Data/CAP3_R110_C7,,,numeric,textfield,,,0,0,0,0,0,0,0,385,0,,,,table number,0,0,15,0,,0,,
CAP3_R110_C8,Rînd. 110 col.8,dec/DataSet/Data/CAP3_R110_C8,,,numeric,textfield,,,0,0,0,0,0,0,0,386,0,,,,table number,0,0,15,0,,0,,
CAP3_R110_C9,Rînd. 110 col.9,dec/DataSet/Data/CAP3_R110_C9,,,numeric,textfield,,,0,0,0,0,0,0,0,387,0,,,,table number,0,0,15,0,,0,,
CAP3_R110_C10,Rînd. 110 col.10,dec/DataSet/Data/CAP3_R110_C10,,,numeric,textfield,,,0,0,0,0,0,0,0,388,0,,,,table number,0,0,15,0,,0,,
CAP3_R110_C11,Rînd. 110 col.11,dec/DataSet/Data/CAP3_R110_C11,,,numeric,textfield,,,0,0,0,0,0,0,0,389,0,,,,table number,0,0,15,0,,0,,
CAP3_R110_C12,Rînd. 110 col.12,dec/DataSet/Data/CAP3_R110_C12,,,numeric,textfield,,,0,0,0,0,0,0,0,390,0,,,,table number,0,0,15,0,,0,,
CAP3_R110_C13,Rînd. 110 col.13,dec/DataSet/Data/CAP3_R110_C13,,,numeric,textfield,,,0,0,0,0,0,0,0,391,0,,,,table number,0,0,15,0,,0,,
CAP3_R110_C14,Rînd. 110 col.14,dec/DataSet/Data/CAP3_R110_C14,,,numeric,textfield,,,0,0,0,0,0,0,0,392,0,,,,table number,0,0,15,0,,0,,
CAP3_R110_C15,Rînd. 110 col.15,dec/DataSet/Data/CAP3_R110_C15,,,numeric,textfield,,,0,0,0,0,0,0,0,393,0,,,,table number,0,0,15,0,,0,,
CAP3_R110_C16,Rînd. 110 col.16,dec/DataSet/Data/CAP3_R110_C16,,,numeric,textfield,,,0,0,0,0,0,0,0,394,0,,,,table number,0,0,15,0,,0,,
CAP3_R111_C1,Rînd. 111 col.1,dec/DataSet/Data/CAP3_R111_C1,,,numeric,textfield,,,0,0,0,0,0,0,0,395,0,,,,table number,0,0,15,0,,0,,
CAP3_R111_C2,Rînd. 111 col.2,dec/DataSet/Data/CAP3_R111_C2,,,numeric,textfield,,,0,0,0,0,0,0,0,396,0,,,,table number,0,0,15,0,,0,,
CAP3_R111_C3,Rînd. 111 col.3,dec/DataSet/Data/CAP3_R111_C3,,,numeric,textfield,,,0,0,0,0,0,0,0,397,0,,,,table number,0,0,15,0,,0,,
CAP3_R111_C4,Rînd. 111 col.4,dec/DataSet/Data/CAP3_R111_C4,,,numeric,textfield,,,0,0,0,0,0,0,0,398,0,,,,table number,0,0,15,0,,0,,
CAP3_R111_C5,Rînd. 111 col.5,dec/DataSet/Data/CAP3_R111_C5,,,numeric,textfield,,,0,0,0,0,0,0,0,399,0,,,,table number,0,0,15,0,,0,,
CAP3_R111_C6,Rînd. 111 col.6,dec/DataSet/Data/CAP3_R111_C6,,,numeric,textfield,,,0,0,0,0,0,0,0,400,0,,,,table number,0,0,15,0,,0,,
CAP3_R111_C7,Rînd. 111 col.7,dec/DataSet/Data/CAP3_R111_C7,,,numeric,textfield,,,0,0,0,0,0,0,0,401,0,,,,table number,0,0,15,0,,0,,
CAP3_R111_C8,Rînd. 111 col.8,dec/DataSet/Data/CAP3_R111_C8,,,numeric,textfield,,,0,0,0,0,0,0,0,402,0,,,,table number,0,0,15,0,,0,,
CAP3_R111_C9,Rînd. 111 col.9,dec/DataSet/Data/CAP3_R111_C9,,,numeric,textfield,,,0,0,0,0,0,0,0,403,0,,,,table number,0,0,15,0,,0,,
CAP3_R111_C10,Rînd. 111 col.10,dec/DataSet/Data/CAP3_R111_C10,,,numeric,textfield,,,0,0,0,0,0,0,0,404,0,,,,table number,0,0,15,0,,0,,
CAP3_R111_C11,Rînd. 111 col.11,dec/DataSet/Data/CAP3_R111_C11,,,numeric,textfield,,,0,0,0,0,0,0,0,405,0,,,,table number,0,0,15,0,,0,,
CAP3_R111_C12,Rînd. 111 col.12,dec/DataSet/Data/CAP3_R111_C12,,,numeric,textfield,,,0,0,0,0,0,0,0,406,0,,,,table number,0,0,15,0,,0,,
CAP3_R111_C13,Rînd. 111 col.13,dec/DataSet/Data/CAP3_R111_C13,,,numeric,textfield,,,0,0,0,0,0,0,0,407,0,,,,table number,0,0,15,0,,0,,
CAP3_R111_C14,Rînd. 111 col.14,dec/DataSet/Data/CAP3_R111_C14,,,numeric,textfield,,,0,0,0,0,0,0,0,408,0,,,,table number,0,0,15,0,,0,,
CAP3_R111_C15,Rînd. 111 col.15,dec/DataSet/Data/CAP3_R111_C15,,,numeric,textfield,,,0,0,0,0,0,0,0,409,0,,,,table number,0,0,15,0,,0,,
CAP3_R111_C16,Rînd. 111 col.16,dec/DataSet/Data/CAP3_R111_C16,,,numeric,textfield,,,0,0,0,0,0,0,0,410,0,,,,table number,0,0,15,0,,0,,
CAP3_R230_C1,Rînd. 230 col.1,dec/DataSet/Data/CAP3_R230_C1,,,numeric,textfield,,,0,0,0,0,0,0,0,795,0,,,,table number,0,0,15,0,,0,,
CAP3_R230_C2,Rînd. 230 col.2,dec/DataSet/Data/CAP3_R230_C2,,,numeric,textfield,,,0,0,0,0,0,0,0,796,0,,,,table number,0,0,15,0,,0,,
CAP3_R230_C3,Rînd. 230 col.3,dec/DataSet/Data/CAP3_R230_C3,,,numeric,textfield,,,0,0,0,0,0,0,0,797,0,,,,table number,0,0,15,0,,0,,
CAP3_R230_C4,Rînd. 230 col.4,dec/DataSet/Data/CAP3_R230_C4,,,numeric,textfield,,,0,0,0,0,0,0,0,798,0,,,,table number,0,0,15,0,,0,,
CAP3_R230_C5,Rînd. 230 col.5,dec/DataSet/Data/CAP3_R230_C5,,,numeric,textfield,,,0,0,0,0,0,0,0,799,0,,,,table number,0,0,15,0,,0,,
CAP3_R230_C6,Rînd. 230 col.6,dec/DataSet/Data/CAP3_R230_C6,,,numeric,textfield,,,0,0,0,0,0,0,0,800,0,,,,table number,0,0,15,0,,0,,
CAP3_R230_C7,Rînd. 230 col.7,dec/DataSet/Data/CAP3_R230_C7,,,numeric,textfield,,,0,0,0,0,0,0,0,801,0,,,,table number,0,0,15,0,,0,,
CAP3_R230_C8,Rînd. 230 col.8,dec/DataSet/Data/CAP3_R230_C8,,,numeric,textfield,,,0,0,0,0,0,0,0,802,0,,,,table number,0,0,15,0,,0,,
CAP3_R230_C9,Rînd. 230 col.9,dec/DataSet/Data/CAP3_R230_C9,,,numeric,textfield,,,0,0,0,0,0,0,0,803,0,,,,table number,0,0,15,0,,0,,
CAP3_R230_C10,Rînd. 230 col.10,dec/DataSet/Data/CAP3_R230_C10,,,numeric,textfield,,,0,0,0,0,0,0,0,804,0,,,,table number,0,0,15,0,,0,,
CAP3_R230_C11,Rînd. 230 col.11,dec/DataSet/Data/CAP3_R230_C11,,,numeric,textfield,,,0,0,0,0,0,0,0,805,0,,,,table number,0,0,15,0,,0,,
CAP3_R230_C12,Rînd. 230 col.12,dec/DataSet/Data/CAP3_R230_C12,,,numeric,textfield,,,0,0,0,0,0,0,0,806,0,,,,table number,0,0,15,0,,0,,
CAP3_R230_C13,Rînd. 230 col.13,dec/DataSet/Data/CAP3_R230_C13,,,numeric,textfield,,,0,0,0,0,0,0,0,807,0,,,,table number,0,0,15,0,,0,,
CAP3_R230_C14,Rînd. 230 col.14,dec/DataSet/Data/CAP3_R230_C14,,,numeric,textfield,,,0,0,0,0,0,0,0,808,0,,,,table number,0,0,15,0,,0,,
CAP3_R230_C15,Rînd. 230 col.15,dec/DataSet/Data/CAP3_R230_C15,,,numeric,textfield,,,0,0,0,0,0,0,0,809,0,,,,table number,0,0,15,0,,0,,
CAP3_R230_C16,Rînd. 230 col.16,dec/DataSet/Data/CAP3_R230_C16,,,numeric,textfield,,,0,0,0,0,0,0,0,810,0,,,,table number,0,0,15,0,,0,,
CAP3_R240_C1,Rînd. 240 col.1,dec/DataSet/Data/CAP3_R240_C1,,,numeric,textfield,,,0,0,0,0,0,0,0,811,0,,,,table number,0,0,15,0,,0,,
CAP3_R240_C2,Rînd. 240 col.2,dec/DataSet/Data/CAP3_R240_C2,,,numeric,textfield,,,0,0,0,0,0,0,0,812,0,,,,table number,0,0,15,0,,0,,
CAP3_R240_C3,Rînd. 240 col.3,dec/DataSet/Data/CAP3_R240_C3,,,numeric,textfield,,,0,0,0,0,0,0,0,813,0,,,,table number,0,0,15,0,,0,,
CAP3_R240_C4,Rînd. 240 col.4,dec/DataSet/Data/CAP3_R240_C4,,,numeric,textfield,,,0,0,0,0,0,0,0,814,0,,,,table number,0,0,15,0,,0,,
CAP3_R240_C5,Rînd. 240 col.5,dec/DataSet/Data/CAP3_R240_C5,,,numeric,textfield,,,0,0,0,0,0,0,0,815,0,,,,table number,0,0,15,0,,0,,
CAP3_R240_C6,Rînd. 240 col.6,dec/DataSet/Data/CAP3_R240_C6,,,numeric,textfield,,,0,0,0,0,0,0,0,816,0,,,,table number,0,0,15,0,,0,,
CAP3_R240_C7,Rînd. 240 col.7,dec/DataSet/Data/CAP3_R240_C7,,,numeric,textfield,,,0,0,0,0,0,0,0,817,0,,,,table number,0,0,15,0,,0,,
CAP3_R240_C8,Rînd. 240 col.8,dec/DataSet/Data/CAP3_R240_C8,,,numeric,textfield,,,0,0,0,0,0,0,0,818,0,,,,table number,0,0,15,0,,0,,
CAP3_R240_C9,Rînd. 240 col.9,dec/DataSet/Data/CAP3_R240_C9,,,numeric,textfield,,,0,0,0,0,0,0,0,819,0,,,,table number,0,0,15,0,,0,,
CAP3_R240_C10,Rînd. 240 col.10,dec/DataSet/Data/CAP3_R240_C10,,,numeric,textfield,,,0,0,0,0,0,0,0,820,0,,,,table number,0,0,15,0,,0,,
CAP3_R240_C11,Rînd. 240 col.11,dec/DataSet/Data/CAP3_R240_C11,,,numeric,textfield,,,0,0,0,0,0,0,0,821,0,,,,table number,0,0,15,0,,0,,
CAP3_R240_C12,Rînd. 240 col.12,dec/DataSet/Data/CAP3_R240_C12,,,numeric,textfield,,,0,0,0,0,0,0,0,822,0,,,,table number,0,0,15,0,,0,,
CAP3_R240_C13,Rînd. 240 col.13,dec/DataSet/Data/CAP3_R240_C13,,,numeric,textfield,,,0,0,0,0,0,0,0,823,0,,,,table number,0,0,15,0,,0,,
CAP3_R240_C14,Rînd. 240 col.14,dec/DataSet/Data/CAP3_R240_C14,,,numeric,textfield,,,0,0,0,0,0,0,0,824,0,,,,table number,0,0,15,0,,0,,
CAP3_R240_C15,Rînd. 240 col.15,dec/DataSet/Data/CAP3_R240_C15,,,numeric,textfield,,,0,0,0,0,0,0,0,825,0,,,,table number,0,0,15,0,,0,,
CAP3_R240_C16,Rînd. 240 col.16,dec/DataSet/Data/CAP3_R240_C16,,,numeric,textfield,,,0,0,0,0,0,0,0,826,0,,,,table number,0,0,15,0,,0,,
CAP3_R270_C1,Rînd. 270 col.1,dec/DataSet/Data/CAP3_R270_C1,,,numeric,textfield,,,0,0,0,0,0,0,0,891,0,,,,table number,0,0,15,0,,0,,
CAP3_R270_C2,Rînd. 270 col.2,dec/DataSet/Data/CAP3_R270_C2,,,numeric,textfield,,,0,0,0,0,0,0,0,892,0,,,,table number,0,0,15,0,,0,,
CAP3_R270_C3,Rînd. 270 col.3,dec/DataSet/Data/CAP3_R270_C3,,,numeric,textfield,,,0,0,0,0,0,0,0,893,0,,,,table number,0,0,15,0,,0,,
CAP3_R270_C4,Rînd. 270 col.4,dec/DataSet/Data/CAP3_R270_C4,,,numeric,textfield,,,0,0,0,0,0,0,0,894,0,,,,table number,0,0,15,0,,0,,
CAP3_R270_C5,Rînd. 270 col.5,dec/DataSet/Data/CAP3_R270_C5,,,numeric,textfield,,,0,0,0,0,0,0,0,895,0,,,,table number,0,0,15,0,,0,,
CAP3_R270_C6,Rînd. 270 col.6,dec/DataSet/Data/CAP3_R270_C6,,,numeric,textfield,,,0,0,0,0,0,0,0,896,0,,,,table number,0,0,15,0,,0,,
CAP3_R270_C7,Rînd. 270 col.7,dec/DataSet/Data/CAP3_R270_C7,,,numeric,textfield,,,0,0,0,0,0,0,0,897,0,,,,table number,0,0,15,0,,0,,
CAP3_R270_C8,Rînd. 270 col.8,dec/DataSet/Data/CAP3_R270_C8,,,numeric,textfield,,,0,0,0,0,0,0,0,898,0,,,,table number,0,0,15,0,,0,,
CAP3_R270_C9,Rînd. 270 col.9,dec/DataSet/Data/CAP3_R270_C9,,,numeric,textfield,,,0,0,0,0,0,0,0,899,0,,,,table number,0,0,15,0,,0,,
CAP3_R270_C10,Rînd. 270 col.10,dec/DataSet/Data/CAP3_R270_C10,,,numeric,textfield,,,0,0,0,0,0,0,0,900,0,,,,table number,0,0,15,0,,0,,
CAP3_R270_C11,Rînd. 270 col.11,dec/DataSet/Data/CAP3_R270_C11,,,numeric,textfield,,,0,0,0,0,0,0,0,901,0,,,,table number,0,0,15,0,,0,,
CAP3_R270_C12,Rînd. 270 col.12,dec/DataSet/Data/CAP3_R270_C12,,,numeric,textfield,,,0,0,0,0,0,0,0,902,0,,,,table number,0,0,15,0,,0,,
CAP3_R270_C13,Rînd. 270 col.13,dec/DataSet/Data/CAP3_R270_C13,,,numeric,textfield,,,0,0,0,0,0,0,0,903,0,,,,table number,0,0,15,0,,0,,
CAP3_R270_C14,Rînd. 270 col.14,dec/DataSet/Data/CAP3_R270_C14,,,numeric,textfield,,,0,0,0,0,0,0,0,904,0,,,,table number,0,0,15,0,,0,,
CAP3_R270_C15,Rînd. 270 col.15,dec/DataSet/Data/CAP3_R270_C15,,,numeric,textfield,,,0,0,0,0,0,0,0,905,0,,,,table number,0,0,15,0,,0,,
CAP3_R270_C16,Rînd. 270 col.16,dec/DataSet/Data/CAP3_R270_C16,,,numeric,textfield,,,0,0,0,0,0,0,0,906,0,,,,table number,0,0,15,0,,0,,
